brand,model,watch_name,dial_color,case_color,case_material,bezel,bracelet_strap,strap_material,gender,est_size_mm,num_photos,num_videos,confidence,folder,source_ids
Audemars Piguet,Code 11.59,Code 11.59 Blue Dial Rose Gold Blue Leather Strap,Blue,Rose Gold,Rose Gold,Black Ceramic,Strap,Leather,Men,41,1,0,high,Audemars Piguet/Code 11.59/Code 11.59 Blue Dial Rose Gold Blue Leather Strap,4c713388-0ce9-49cb-98c5-c4e9b13f43dc.JPG
Audemars Piguet,Royal Oak,Royal Oak Black Dial Steel Bracelet,Black,Silver,Stainless Steel,Octagonal,Bracelet,Stainless Steel,Men,41,1,0,high,Audemars Piguet/Royal Oak/Royal Oak Black Dial Steel Bracelet,1JRK9615A_90HD2R.JPG
Audemars Piguet,Royal Oak,Royal Oak Blue Dial Steel Bracelet,Blue,Silver,Stainless Steel,Octagonal,Bracelet,Stainless Steel,Men,41,1,0,high,Audemars Piguet/Royal Oak/Royal Oak Blue Dial Steel Bracelet,1JRK9615H_90HD2R.JPG
Audemars Piguet,Royal Oak,Royal Oak Blue Dial Steel Diamond Bezel,Blue,Silver,Stainless Steel,Diamond Set,Bracelet,Stainless Steel,Women,33,1,0,high,Audemars Piguet/Royal Oak/Royal Oak Blue Dial Steel Diamond Bezel,1JPF5VKG2_BFNNBE.JPG
Audemars Piguet,Royal Oak,Royal Oak Blue Dial Steel Smooth Bezel,Blue,Silver,Stainless Steel,Steel,Bracelet,Stainless Steel,Men,41,1,0,high,Audemars Piguet/Royal Oak/Royal Oak Blue Dial Steel Smooth Bezel,1JPF5VKGB_BFNNBE.JPG
Audemars Piguet,Royal Oak,Royal Oak Blue Tapisserie Dial Steel Octagonal Bezel Integrated Bracelet,Blue,Silver,Stainless Steel,Steel Octagonal,Bracelet,Stainless Steel,Men,41,1,0,high,Audemars Piguet/Royal Oak/Royal Oak Blue Tapisserie Dial Steel Octagonal Bezel Integrated Bracelet,1JQ0RAP54_BFNNBE.JPG
Audemars Piguet,Royal Oak,Royal Oak Blue Tapisserie Dial Steel Octagonal Bezel Integrated Bracelet,Blue,Silver,Stainless Steel,Steel Octagonal,Bracelet,Stainless Steel,Men,41,16,1,high,Audemars Piguet/Royal Oak/Royal Oak Blue Tapisserie Dial Steel Octagonal Bezel Integrated Bracelet 2,1JQ0V16CH_BFNNBE.JPG;1JQ0V16CO_BFNNBE.JPG;1JQ0V16E7_BFNNBE.JPG;1JQ0V16E8_BFNNBE.JPG;1JQ0V16E9_BFNNBE.JPG;1JQ0V16EA_BFNNBE.JPG;1JQ0V16EB_BFNNBE.JPG;1JQ0V16EC_BFNNBE.JPG;1JQ0V16ED_BFNNBE.JPG;1JQ0V16EF_BFNNBE.JPG;1JQ0V16EK_BFNNBE.JPG;1JQ0V16EP_BFNNBE.JPG;1JQ0V16EV_BFNNBE.JPG;1JQ0V16F3_BFNNBE.JPG;1JQ0V16F8_BFNNBE.JPG;1JQ0V16FC_BFNNBE.JPG;1JQ0V16FG_BFNNBE.MP4
Audemars Piguet,Royal Oak,Royal Oak Chronograph Blue Dial Steel Sapphire Set Bezel Bracelet,Blue,Silver,Stainless Steel,Blue Sapphire Set,Bracelet,Stainless Steel,Men,41,19,0,high,Audemars Piguet/Royal Oak/Royal Oak Chronograph Blue Dial Steel Sapphire Set Bezel Bracelet,1JR7LKTK2_BFNNBE.JPG;1JR7LKTKC_BFNNBE.JPG;1JR7LKTKL_BFNNBE.JPG;1JR7LKTKS_BFNNBE.JPG;1JR7LKTL1_BFNNBE.JPG;1JR7LKTL7_BFNNBE.JPG;1JR7LKTLD_BFNNBE.JPG;1JR7LKTLH_BFNNBE.JPG;1JR7LKTLN_BFNNBE.JPG;1JR7LKTLR_BFNNBE.JPG;1JR7LKTM0_BFNNBE.JPG;1JR7LKTM4_BFNNBE.JPG;1JR7LKTM7_BFNNBE.JPG;1JR7LKTMA_BFNNBE.JPG;1JR7LKTMD_BFNNBE.JPG;1JR7LKTMG_BFNNBE.JPG;1JR7LKTMK_BFNNBE.JPG;1JR7LKTMN_BFNNBE.JPG;1JR7LKTMQ_BFNNBE.JPG
Audemars Piguet,Royal Oak,Royal Oak Frosted Rose Gold Pink Dial,Pink,Rose Gold,Rose Gold,Frosted Rose Gold Octagonal,Bracelet,Rose Gold,Women,33,1,0,high,Audemars Piguet/Royal Oak/Royal Oak Frosted Rose Gold Pink Dial,1JPMUINPC_BFNNBE.JPG
Audemars Piguet,Royal Oak,Royal Oak Frosted White Gold Silver Dial,Silver,White Gold,White Gold,Frosted White Gold Octagonal,Bracelet,White Gold,Women,33,1,0,high,Audemars Piguet/Royal Oak/Royal Oak Frosted White Gold Silver Dial,1JPMUINP7_BFNNBE.JPG
Audemars Piguet,Royal Oak,Royal Oak Frosted Yellow Gold Champagne Dial,Gold,Yellow Gold,Yellow Gold,Frosted Yellow Gold Octagonal,Bracelet,Yellow Gold,Women,33,1,0,high,Audemars Piguet/Royal Oak/Royal Oak Frosted Yellow Gold Champagne Dial,1JPMUINP2_BFNNBE.JPG
Audemars Piguet,Royal Oak,Royal Oak Green Dial Yellow Gold Bracelet,Green,Yellow Gold,Yellow Gold,Octagonal,Bracelet,Yellow Gold,Men,41,2,0,high,Audemars Piguet/Royal Oak/Royal Oak Green Dial Yellow Gold Bracelet,1JRK9615O_90HD2R 2.JPG;1JRK9615O_90HD2R.JPG
Audemars Piguet,Royal Oak,Royal Oak White Dial Steel Diamond Bezel,White,Silver,Stainless Steel,Diamond Set,Bracelet,Stainless Steel,Women,33,1,0,high,Audemars Piguet/Royal Oak/Royal Oak White Dial Steel Diamond Bezel,1JPF5VKFU_BFNNBE.JPG
Audemars Piguet,Royal Oak,Royal Oak Yellow Gold Skeleton Caseback,,Gold,Yellow Gold,Octagonal,Bracelet,Yellow Gold,Men,41,17,0,high,Audemars Piguet/Royal Oak/Royal Oak Yellow Gold Skeleton Caseback,1JRKM8GVI_BFNNBE.JPG;1JRKM8GVV_BFNNBE.JPG;1JRKM8H08_BFNNBE.JPG;1JRKM8H0G_BFNNBE.JPG;1JRKM8H0M_BFNNBE.JPG;1JRKM8H0T_BFNNBE.JPG;1JRKM8H12_BFNNBE.JPG;1JRKM8H17_BFNNBE.JPG;1JRKM8H1C_BFNNBE.JPG;1JRKM8H1H_BFNNBE.JPG;1JRKM8H1K_BFNNBE.JPG;1JRKM8H1N_BFNNBE.JPG;1JRKM8H1R_BFNNBE.JPG;1JRKM8H1U_BFNNBE.JPG;1JRKM8H21_BFNNBE.JPG;1JRKM8H24_BFNNBE.JPG;1JRKM8H28_BFNNBE.JPG
Breitling,Navitimer,Navitimer B01 Chronograph Black Dial Steel Bracelet,Black,Silver,Stainless Steel,Bidirectional Slide Rule,Bracelet,Stainless Steel,Men,43,2,0,high,Breitling/Navitimer/Navitimer B01 Chronograph Black Dial Steel Bracelet,1JRK9618C_90HD2R 2.JPG;1JRK9618C_90HD2R.JPG
Breitling,Navitimer,Navitimer Chronograph Purple Dial Steel Slide Rule Bezel,Purple,Steel,Stainless Steel,Slide Rule,Bracelet,Stainless Steel,Men,43,1,0,high,Breitling/Navitimer/Navitimer Chronograph Purple Dial Steel Slide Rule Bezel,344c0089-45d7-4699-af53-fa26e0c62505.JPG
Cartier,Ballon Bleu,Ballon Bleu Steel Silver Dial Steel Bracelet,Silver,Steel,Stainless Steel,Smooth,Bracelet,Stainless Steel,Women,33,1,0,medium,Cartier/Ballon Bleu/Ballon Bleu Steel Silver Dial Steel Bracelet,1JPMUINQD_BFNNBE.JPG
Cartier,Panthere,Panthere Medium White Dial Steel Diamond Bezel Bracelet,White,Silver,Stainless Steel,Diamond,Bracelet,Stainless Steel,Women,27,1,0,high,Cartier/Panthere/Panthere Medium White Dial Steel Diamond Bezel Bracelet,1JRK9616K_90HD2R.JPG
Cartier,Panthere,Panthere Medium White Dial Yellow Gold Bracelet,White,Yellow Gold,Yellow Gold,Smooth,Bracelet,Yellow Gold,Women,27,1,0,high,Cartier/Panthere/Panthere Medium White Dial Yellow Gold Bracelet,1JRK9616U_90HD2R.JPG
Cartier,Panthere,Panthere Small White Dial Steel Bracelet,White,Silver,Stainless Steel,Smooth,Bracelet,Stainless Steel,Women,22,1,0,high,Cartier/Panthere/Panthere Small White Dial Steel Bracelet,1JRK9615T_90HD2R.JPG
Cartier,Panthere,Panthere Small White Dial Steel Bracelet,White,Silver,Stainless Steel,Smooth,Bracelet,Stainless Steel,Women,22,1,0,high,Cartier/Panthere/Panthere Small White Dial Steel Bracelet 2,1JRK9616F_90HD2R.JPG
Cartier,Panthere,Panthere Small White Dial Steel Diamond Bezel Bracelet,White,Silver,Stainless Steel,Diamond,Bracelet,Stainless Steel,Women,22,1,0,high,Cartier/Panthere/Panthere Small White Dial Steel Diamond Bezel Bracelet,1JRK96164_90HD2R.JPG
Cartier,Panthere,Panthere Small White Dial Two Tone Diamond Bezel Bracelet,White,Two Tone,Steel And Rose Gold,Diamond,Bracelet,Steel And Rose Gold,Women,22,1,0,high,Cartier/Panthere/Panthere Small White Dial Two Tone Diamond Bezel Bracelet,1JRK96169_90HD2R.JPG
Cartier,Panthere de Cartier,Panthere White Dial Two Tone Steel And Gold Bracelet,White,Two Tone,Steel And Yellow Gold,Smooth Yellow Gold,Bracelet,Steel And Yellow Gold,Women,22,1,0,high,Cartier/Panthere de Cartier/Panthere White Dial Two Tone Steel And Gold Bracelet,1JRK9616P_90HD2R.JPG
Cartier,Panthere de Cartier,Panthere White Dial Two Tone Steel And Rose Gold Diamond Bezel Bracelet,White,Two Tone,Steel And Rose Gold,Diamond Set,Bracelet,Steel And Rose Gold,Women,22,1,0,high,Cartier/Panthere de Cartier/Panthere White Dial Two Tone Steel And Rose Gold Diamond Bezel Bracelet,1JRK96178_90HD2R.JPG
Cartier,Panthere de Cartier,Panthere White Dial Yellow Gold Diamond Bezel Bracelet,White,Gold,Yellow Gold,Diamond Set,Bracelet,Yellow Gold,Women,22,1,0,high,Cartier/Panthere de Cartier/Panthere White Dial Yellow Gold Diamond Bezel Bracelet,1JRK96172_90HD2R.JPG
Cartier,Santos,Santos Green Dial Yellow Gold Green Leather Strap,Green,Yellow Gold,Yellow Gold,Green Stepped,Strap,Leather,Men,40,1,0,medium,Cartier/Santos/Santos Green Dial Yellow Gold Green Leather Strap,1JPMUINPG_BFNNBE.JPG
Cartier,Santos,Santos Purple Dial Steel Bracelet,Purple,Steel,Stainless Steel,Steel,Bracelet,Stainless Steel,Men,40,1,0,high,Cartier/Santos/Santos Purple Dial Steel Bracelet,69f5be61-e1a9-4c37-b9e1-b9b1d03b6ffc.JPG
Cartier,Santos,Santos Steel Silver Dial Steel Bracelet,Silver,Steel,Stainless Steel,Steel Stepped,Bracelet,Stainless Steel,Men,35,1,0,medium,Cartier/Santos/Santos Steel Silver Dial Steel Bracelet,1JPMUINQA_BFNNBE.JPG
Cartier,Santos,Santos Two Tone Silver Dial Steel Bracelet,Silver,Two Tone,Steel And Yellow Gold,Two Tone Stepped,Bracelet,Stainless Steel,Men,35,1,0,medium,Cartier/Santos/Santos Two Tone Silver Dial Steel Bracelet,1JPMUINQ3_BFNNBE.JPG
Cartier,Santos,Santos Two Tone Silver Dial Steel Bracelet,Silver,Two Tone,Steel And Yellow Gold,Two Tone Stepped,Bracelet,Stainless Steel,Men,35,1,0,medium,Cartier/Santos/Santos Two Tone Silver Dial Steel Bracelet 2,1JPMUINQ6_BFNNBE.JPG
Cartier,Santos de Cartier,Santos Black Dial Steel Bracelet,Black,Silver,Stainless Steel,Black Bezel With Screws,Bracelet,Stainless Steel,Men,40,1,0,high,Cartier/Santos de Cartier/Santos Black Dial Steel Bracelet,1JRK9617H_90HD2R.JPG
Cartier,Santos de Cartier,Santos White Dial Rose Gold Bracelet,White,Rose Gold,Rose Gold,Rose Gold Bezel With Screws,Bracelet,Rose Gold,Men,40,1,0,high,Cartier/Santos de Cartier/Santos White Dial Rose Gold Bracelet,1JRK9617V_90HD2R.JPG
Cartier,Santos de Cartier,Santos White Dial Steel Bracelet,White,Silver,Stainless Steel,Steel Bezel With Screws,Bracelet,Stainless Steel,Men,40,1,0,high,Cartier/Santos de Cartier/Santos White Dial Steel Bracelet,1JRK9617M_90HD2R.JPG
Cartier,Santos de Cartier,Santos White Dial Two Tone Steel And Gold Bracelet,White,Two Tone,Steel And Yellow Gold,Yellow Gold Bezel With Screws,Bracelet,Steel And Yellow Gold,Men,40,1,0,high,Cartier/Santos de Cartier/Santos White Dial Two Tone Steel And Gold Bracelet,1JRK9617R_90HD2R.JPG
Cartier,Santos-Dumont,Santos-Dumont Silver Dial Rose Gold Brown Leather Strap,Silver,Rose Gold,Rose Gold,Smooth,Strap,Leather,Unisex,31,1,0,high,Cartier/Santos-Dumont/Santos-Dumont Silver Dial Rose Gold Brown Leather Strap,1JPHNKTQM_BFNNBE.JPG
Cartier,Santos-Dumont,Santos-Dumont Silver Dial Steel Black Leather Strap,Silver,Steel,Stainless Steel,Smooth,Strap,Leather,Unisex,31,1,0,high,Cartier/Santos-Dumont/Santos-Dumont Silver Dial Steel Black Leather Strap,1JPHNKTQT_BFNNBE.JPG
Cartier,Tank Francaise,Tank Francaise White Dial Steel Bracelet,White,Silver,Stainless Steel,Smooth Steel,Bracelet,Stainless Steel,Women,25,1,0,high,Cartier/Tank Francaise/Tank Francaise White Dial Steel Bracelet,1JRK9617C_90HD2R.JPG
Cartier,Tank Solo,Tank Solo Rose Gold Diamond Bezel White Dial Brown Strap,White,Rose Gold,Rose Gold,Diamond Set,Strap,Leather,Women,30,1,0,medium,Cartier/Tank Solo/Tank Solo Rose Gold Diamond Bezel White Dial Brown Strap,1JPMUINPJ_BFNNBE.JPG
Cartier,Tank Solo,Tank Solo Steel White Dial Black Strap,White,Steel,Stainless Steel,Smooth,Strap,Leather,Women,30,1,0,medium,Cartier/Tank Solo/Tank Solo Steel White Dial Black Strap,1JPMUINPR_BFNNBE.JPG
Cartier,Tank Solo,Tank Solo Steel White Dial Steel Bracelet,White,Steel,Stainless Steel,Smooth,Bracelet,Stainless Steel,Women,30,1,0,medium,Cartier/Tank Solo/Tank Solo Steel White Dial Steel Bracelet,1JPMUINPV_BFNNBE.JPG
Cartier,Tank Solo,Tank Solo Yellow Gold White Dial Brown Strap,White,Yellow Gold,Yellow Gold,Smooth,Strap,Leather,Women,30,1,0,medium,Cartier/Tank Solo/Tank Solo Yellow Gold White Dial Brown Strap,1JPMUINPN_BFNNBE.JPG
Franck Muller,Vanguard,Vanguard Black Dial Steel Black Strap,Black,Silver,Stainless Steel,Smooth Steel,Strap,Leather,Men,44,2,0,high,Franck Muller/Vanguard/Vanguard Black Dial Steel Black Strap,1JRK96183_90HD2R 2.JPG;1JRK96183_90HD2R.JPG
Hublot,Big Bang,Big Bang Unico Rose Gold Blue Dial Blue Rubber Strap,Blue,Rose Gold,Rose Gold,Bolted Rose Gold,Strap,Rubber,Men,44,1,0,high,Hublot/Big Bang/Big Bang Unico Rose Gold Blue Dial Blue Rubber Strap,1JRK9618Q_90HD2R.JPG
Hublot,Big Bang Sang Bleu,Big Bang Sang Bleu Rose Gold Blue Dial Blue Rubber Strap,Blue,Rose Gold,Rose Gold,Faceted Rose Gold,Strap,Rubber,Men,45,1,0,high,Hublot/Big Bang Sang Bleu/Big Bang Sang Bleu Rose Gold Blue Dial Blue Rubber Strap,1JPF5VKHD_BFNNBE.JPG
Hublot,Classic Fusion,Classic Fusion Black Ceramic Carbon Dial Black Strap,Black,Black,Ceramic,Bolted Ceramic,Strap,Leather,Men,42,1,0,high,Hublot/Classic Fusion/Classic Fusion Black Ceramic Carbon Dial Black Strap,1JRK9618U_90HD2R.JPG
Hublot,Classic Fusion,Classic Fusion Black Dial Diamond Bezel Black Leather Strap,Black,Silver,Titanium,Diamond Set,Strap,Leather,Unisex,42,1,0,high,Hublot/Classic Fusion/Classic Fusion Black Dial Diamond Bezel Black Leather Strap,1JPF5VKGN_BFNNBE.JPG
Hublot,Classic Fusion,Classic Fusion Black Dial Diamond Bezel Black Rubber Strap,Black,Silver,Titanium,Diamond Set,Strap,Rubber,Unisex,38,1,0,high,Hublot/Classic Fusion/Classic Fusion Black Dial Diamond Bezel Black Rubber Strap,1JPF5VKGJ_BFNNBE.JPG
Hublot,Classic Fusion,Classic Fusion Blue Dial Steel Diamond Bezel Blue Rubber Strap,Blue,Silver,Stainless Steel,Diamond-Set Steel,Strap,Rubber,Unisex,33,1,0,high,Hublot/Classic Fusion/Classic Fusion Blue Dial Steel Diamond Bezel Blue Rubber Strap,1JPF5VKH9_BFNNBE.JPG
Hublot,Classic Fusion,Classic Fusion Gray Dial Steel Diamond Bezel Gray Leather Strap,Gray,Silver,Stainless Steel,Diamond-Set Steel,Strap,Leather,Unisex,38,1,0,high,Hublot/Classic Fusion/Classic Fusion Gray Dial Steel Diamond Bezel Gray Leather Strap,1JPF5VKGR_BFNNBE.JPG
Hublot,Classic Fusion,Classic Fusion Gray Dial Steel Diamond Bezel Gray Rubber Strap,Gray,Silver,Stainless Steel,Diamond-Set Steel,Strap,Rubber,Unisex,33,1,0,high,Hublot/Classic Fusion/Classic Fusion Gray Dial Steel Diamond Bezel Gray Rubber Strap,1JPF5VKGV_BFNNBE.JPG
Hublot,Classic Fusion,Classic Fusion Green Dial Steel Diamond Bezel Green Leather Strap,Green,Silver,Stainless Steel,Diamond-Set Steel,Strap,Leather,Unisex,38,1,0,high,Hublot/Classic Fusion/Classic Fusion Green Dial Steel Diamond Bezel Green Leather Strap,1JPF5VKH2_BFNNBE.JPG
Hublot,Classic Fusion,Classic Fusion Green Dial Steel Diamond Bezel Green Rubber Strap,Green,Silver,Stainless Steel,Diamond-Set Steel,Strap,Rubber,Unisex,33,1,0,high,Hublot/Classic Fusion/Classic Fusion Green Dial Steel Diamond Bezel Green Rubber Strap,1JPF5VKH6_BFNNBE.JPG
Hublot,Spirit of Big Bang,Spirit Of Big Bang Black Dial Rose Gold Black Rubber Strap,Black,Rose Gold,Rose Gold,Ceramic and Gold,Strap,Rubber,Men,42,1,0,high,Hublot/Spirit of Big Bang/Spirit Of Big Bang Black Dial Rose Gold Black Rubber Strap,33e46aaa74155ec81faef703c2dcc4.JPG
Hublot,Spirit of Big Bang,Spirit Of Big Bang Black Dial Titanium And Black Ceramic Rubber Strap,Black,Silver,Titanium,Ceramic,Strap,Rubber,Men,42,1,0,high,Hublot/Spirit of Big Bang/Spirit Of Big Bang Black Dial Titanium And Black Ceramic Rubber Strap,15f805f491fa17bdba1a8db231fb8d.JPG
Hublot,Spirit of Big Bang,Spirit Of Big Bang Blue Dial Rose Gold Blue Rubber Strap,Blue,Rose Gold,Rose Gold,Ceramic and Gold,Strap,Rubber,Men,42,1,0,high,Hublot/Spirit of Big Bang/Spirit Of Big Bang Blue Dial Rose Gold Blue Rubber Strap,1ba2d415598eb317bd80728eec6190.JPG
Hublot,Spirit of Big Bang,Spirit Of Big Bang Chronograph Black Dial Black Rubber Strap,Black,Silver,Titanium,Smooth,Strap,Rubber,Men,42,1,0,medium,Hublot/Spirit of Big Bang/Spirit Of Big Bang Chronograph Black Dial Black Rubber Strap,f0659c06d8abaf5e18b0101f55b528.JPG
Hublot,Spirit of Big Bang,Spirit Of Big Bang Chronograph Silver Dial Titanium Grey Rubber Strap,Silver,Silver,Titanium,Smooth,Strap,Rubber,Men,42,1,0,medium,Hublot/Spirit of Big Bang/Spirit Of Big Bang Chronograph Silver Dial Titanium Grey Rubber Strap,bded04696978f36bb683a3e8175000.JPG
Hublot,Spirit of Big Bang,Spirit Of Big Bang Light Blue Dial Light Blue Rubber Strap,Light Blue,Steel,Titanium,Ceramic and Metal,Strap,Rubber,Men,42,1,0,medium,Hublot/Spirit of Big Bang/Spirit Of Big Bang Light Blue Dial Light Blue Rubber Strap,3ebca920a4e0131905cb1e907edd99.JPG
Hublot,Spirit of Big Bang,Spirit Of Big Bang Light Blue Dial Two Tone And Rose Gold Rubber Strap,Light Blue,Two Tone,Titanium And Rose Gold,Smooth,Strap,Rubber,Men,42,1,0,high,Hublot/Spirit of Big Bang/Spirit Of Big Bang Light Blue Dial Two Tone And Rose Gold Rubber Strap,98a5978f761574c697ff0c766e8658.JPG
Hublot,Spirit of Big Bang,Spirit Of Big Bang Titanium Black And Blue Dial Rubber Strap,Black,Silver,Titanium,Smooth,Strap,Rubber,Men,42,1,0,high,Hublot/Spirit of Big Bang/Spirit Of Big Bang Titanium Black And Blue Dial Rubber Strap,571c92c6fd89e55581c55a91244758.JPG
Hublot,Spirit of Big Bang,Spirit Of Big Bang Titanium Light Blue Dial Rubber Strap,Light Blue,Silver,Titanium,Smooth,Strap,Rubber,Men,42,1,0,high,Hublot/Spirit of Big Bang/Spirit Of Big Bang Titanium Light Blue Dial Rubber Strap,901d9ab878168df16c82d23c859b05.JPG
IWC,Ingenieur,Ingenieur Automatic Black Dial Steel Bracelet,Black,Steel,Stainless Steel,Steel,Bracelet,Stainless Steel,Men,40,1,0,high,IWC/Ingenieur/Ingenieur Automatic Black Dial Steel Bracelet,1JQIUGF4V_BFNNBE.JPG
IWC,Ingenieur,Ingenieur Automatic Blue Dial Steel Bracelet,Blue,Steel,Stainless Steel,Steel,Bracelet,Stainless Steel,Men,40,1,0,high,IWC/Ingenieur/Ingenieur Automatic Blue Dial Steel Bracelet,1JQIUGF4C_BFNNBE.JPG
IWC,Ingenieur,Ingenieur Automatic Blue Dial Steel Bracelet,Blue,Steel,Stainless Steel,Steel,Bracelet,Stainless Steel,Men,40,1,0,high,IWC/Ingenieur/Ingenieur Automatic Blue Dial Steel Bracelet 2,1JQIUGF4M_BFNNBE.JPG
IWC,Ingenieur,Ingenieur Automatic Rose Gold Black Dial Bracelet,Black,Rose Gold,Rose Gold,Rose Gold,Bracelet,Rose Gold,Men,40,1,0,high,IWC/Ingenieur/Ingenieur Automatic Rose Gold Black Dial Bracelet,1JQIUGF56_BFNNBE.JPG
IWC,Ingenieur,Ingenieur Automatic Rose Gold Salmon Dial Bracelet,Salmon,Rose Gold,Rose Gold,Rose Gold,Bracelet,Rose Gold,Men,40,1,0,high,IWC/Ingenieur/Ingenieur Automatic Rose Gold Salmon Dial Bracelet,1JQIUGF5D_BFNNBE.JPG
IWC,Ingenieur,Ingenieur Automatic Silver Dial Steel Bracelet,Silver,Steel,Stainless Steel,Steel,Bracelet,Stainless Steel,Men,40,1,0,high,IWC/Ingenieur/Ingenieur Automatic Silver Dial Steel Bracelet,1JQIUGF3U_BFNNBE.JPG
IWC,Pilot's Watch,Pilot's Watch Automatic Blue Ceramic Blue Dial Textile Strap,Blue,Blue,Ceramic,Ceramic,Strap,Textile,Men,41,8,1,high,IWC/Pilot's Watch/Pilot's Watch Automatic Blue Ceramic Blue Dial Textile Strap,1JQISFQIQ_BFNNBE.JPG;1JQISFQJ2_BFNNBE.JPG;1JQISFQJ9_BFNNBE.JPG;1JQISFQJG_BFNNBE.JPG;1JQISFQJL_BFNNBE.JPG;1JQISFQJR_BFNNBE.JPG;1JQISFQK0_BFNNBE.JPG;1JQISFQK4_BFNNBE.JPG;1JQISFQK8_BFNNBE.MP4
IWC,Pilot's Watch,Pilot's Watch Automatic Blue Ceramic Blue Dial Textile Strap,Blue,Blue,Ceramic,Ceramic,Strap,Textile,Men,41,1,0,high,IWC/Pilot's Watch/Pilot's Watch Automatic Blue Ceramic Blue Dial Textile Strap 2,1JQIUGF5K_BFNNBE.JPG
Jaeger-LeCoultre,Master Control,Master Control Black Dial Steel Blue Leather Strap,Black,Steel,Stainless Steel,Smooth Steel,Strap,Leather,Men,40,1,0,medium,Jaeger-LeCoultre/Master Control/Master Control Black Dial Steel Blue Leather Strap,1c540264f996cef16c1d64428f19a9.JPG
Jaeger-LeCoultre,Master Control,Master Control Black Dial Steel Blue Leather Strap,Black,Steel,Stainless Steel,Smooth Steel,Strap,Leather,Men,40,1,0,medium,Jaeger-LeCoultre/Master Control/Master Control Black Dial Steel Blue Leather Strap 2,3c83806a12bd6f7d77336418ccba39.JPG
Jaeger-LeCoultre,Master Control,Master Control Caseback Steel Blue Leather Strap,,Steel,Stainless Steel,Smooth Steel,Strap,Leather,Men,40,1,0,medium,Jaeger-LeCoultre/Master Control/Master Control Caseback Steel Blue Leather Strap,5b33761c853bb48affd0a57ce3f35e.JPG
Jaeger-LeCoultre,Master Control,Master Control Geographic Blue Dial Steel Blue Leather Strap,Blue,Steel,Stainless Steel,Smooth Steel,Strap,Leather,Men,39,1,0,high,Jaeger-LeCoultre/Master Control/Master Control Geographic Blue Dial Steel Blue Leather Strap,3da53c9b080c88b3875e5ade98738f.JPG
Jaeger-LeCoultre,Master Control,Master Control Geographic Blue Dial Steel Blue Leather Strap,Blue,Steel,Stainless Steel,Smooth Steel,Strap,Leather,Men,39,1,0,high,Jaeger-LeCoultre/Master Control/Master Control Geographic Blue Dial Steel Blue Leather Strap 2,4d49e1a45074265480e8ca29ededde.JPG
Jaeger-LeCoultre,Master Geographic,Master Geographic Blue Dial Steel Blue Leather Strap,Blue,Silver,Stainless Steel,Smooth Steel,Strap,Leather,Men,39,1,0,high,Jaeger-LeCoultre/Master Geographic/Master Geographic Blue Dial Steel Blue Leather Strap,17a96b569d6f2e0118d6e4553c019d.JPG
Jaeger-LeCoultre,Master Geographic,Master Geographic Blue Dial Steel Blue Leather Strap,Blue,Silver,Stainless Steel,Smooth,Strap,Leather,Men,39,1,0,high,Jaeger-LeCoultre/Master Geographic/Master Geographic Blue Dial Steel Blue Leather Strap 2,93f60b124d84664ae7a10b6b9afc7c.JPG
Jaeger-LeCoultre,Master Geographic,Master Geographic Blue Dial Steel Power Reserve Blue Strap,Blue,Silver,Stainless Steel,Smooth,Strap,Leather,Men,39,1,0,medium,Jaeger-LeCoultre/Master Geographic/Master Geographic Blue Dial Steel Power Reserve Blue Strap,e51e589ce82f2b68b59a0dfc879186.JPG
Jaeger-LeCoultre,Master Ultra Thin Moon,Master Ultra Thin Moon Black Dial Steel Gray Strap,Black,Silver,Stainless Steel,Smooth,Strap,Leather,Men,39,1,0,high,Jaeger-LeCoultre/Master Ultra Thin Moon/Master Ultra Thin Moon Black Dial Steel Gray Strap,1JRK9614M_90HD2R.JPG
Jaeger-LeCoultre,Master Ultra Thin Moon,Master Ultra Thin Moon Blue Dial Rose Gold Blue Strap,Blue,Rose Gold,Rose Gold,Smooth,Strap,Leather,Men,39,1,0,high,Jaeger-LeCoultre/Master Ultra Thin Moon/Master Ultra Thin Moon Blue Dial Rose Gold Blue Strap,1JRK96150_90HD2R.JPG
Jaeger-LeCoultre,Master Ultra Thin Moon,Master Ultra Thin Moon Gray Dial Steel Gray Strap,Gray,Silver,Stainless Steel,Smooth,Strap,Leather,Men,39,1,0,high,Jaeger-LeCoultre/Master Ultra Thin Moon/Master Ultra Thin Moon Gray Dial Steel Gray Strap,1JRK9614B_90HD2R.JPG
Jaeger-LeCoultre,Master Ultra Thin Moon,Master Ultra Thin Moon Steel Blue Dial Gray Leather Strap,Blue,Steel,Stainless Steel,Smooth,Strap,Leather,Men,39,1,0,high,Jaeger-LeCoultre/Master Ultra Thin Moon/Master Ultra Thin Moon Steel Blue Dial Gray Leather Strap,1JRK9612L_90HD2R.JPG
Jaeger-LeCoultre,Master Ultra Thin Moon,Master Ultra Thin Moon Steel Blue Guilloche Dial Gray Leather Strap,Blue,Steel,Stainless Steel,Smooth,Strap,Leather,Men,39,1,0,high,Jaeger-LeCoultre/Master Ultra Thin Moon/Master Ultra Thin Moon Steel Blue Guilloche Dial Gray Leather Strap,1JRK9613D_90HD2R.JPG
Jaeger-LeCoultre,Master Ultra Thin Moon,Master Ultra Thin Moon Steel Silver Dial Gray Leather Strap,Silver,Steel,Stainless Steel,Smooth,Strap,Leather,Men,39,2,0,high,Jaeger-LeCoultre/Master Ultra Thin Moon/Master Ultra Thin Moon Steel Silver Dial Gray Leather Strap,1JRK9613V_90HD2R 2.JPG;1JRK9613V_90HD2R.JPG
Omega,Constellation,Constellation Purple Diamond Dial Steel Roman Bezel Bracelet,Purple,Silver,Stainless Steel,Steel Roman Numeral,Bracelet,Stainless Steel,Women,28,1,0,high,Omega/Constellation/Constellation Purple Diamond Dial Steel Roman Bezel Bracelet,1JQ0RAP57_BFNNBE.JPG
Omega,Seamaster,Seamaster Aqua Terra Steel Bracelet Clasp Logo Detail,,Silver,Stainless Steel,Smooth Steel,Bracelet,Stainless Steel,Men,41,13,1,high,Omega/Seamaster/Seamaster Aqua Terra Steel Bracelet Clasp Logo Detail,1JPHV1S50_BFNNBE.JPG;1JPHV1S5F_BFNNBE.JPG;1JPHV1S5Q_BFNNBE.JPG;1JPHV1S64_BFNNBE.JPG;1JPHV1S6F_BFNNBE.JPG;1JPHV1S6S_BFNNBE.JPG;1JPHV1S7D_BFNNBE.JPG;1JPHV1S7O_BFNNBE.JPG;1JPHV1S80_BFNNBE.JPG;1JPHV1S88_BFNNBE.JPG;1JPHV1S8E_BFNNBE.JPG;1JPHV1S8L_BFNNBE.JPG;1JPHV1S8T_BFNNBE.JPG;1JPHV1S94_BFNNBE.MP4
Omega,Seamaster Aqua Terra,Aqua Terra Blue Dial Steel Bracelet,Blue,Silver,Stainless Steel,Stainless Steel,Bracelet,Stainless Steel,Men,41,1,0,high,Omega/Seamaster Aqua Terra/Aqua Terra Blue Dial Steel Bracelet,1JPF5VKEE_BFNNBE.JPG
Omega,Seamaster Aqua Terra,Aqua Terra Silver Dial Steel Bracelet,Silver,Silver,Stainless Steel,Stainless Steel,Bracelet,Stainless Steel,Men,41,1,0,high,Omega/Seamaster Aqua Terra/Aqua Terra Silver Dial Steel Bracelet,1JPF5VKE6_BFNNBE.JPG
Omega,Seamaster Aqua Terra,Aqua Terra Turquoise Dial Steel Bracelet,Turquoise,Silver,Stainless Steel,Stainless Steel,Bracelet,Stainless Steel,Men,38,2,0,high,Omega/Seamaster Aqua Terra/Aqua Terra Turquoise Dial Steel Bracelet,1JPF5VKEK_BFNNBE 2.JPG;1JPF5VKEK_BFNNBE.JPG
Omega,Seamaster Aqua Terra,Aqua Terra Worldtimer Blue Dial Blue Rubber Strap,Blue,Silver,Stainless Steel,Stainless Steel,Strap,Rubber,Men,43,2,0,high,Omega/Seamaster Aqua Terra/Aqua Terra Worldtimer Blue Dial Blue Rubber Strap,1JPF5VKDJ_BFNNBE 2.JPG;1JPF5VKDJ_BFNNBE.JPG
Omega,Seamaster Aqua Terra,Aqua Terra Worldtimer Blue Dial Steel Bracelet,Blue,Silver,Stainless Steel,Stainless Steel,Bracelet,Stainless Steel,Men,43,1,0,high,Omega/Seamaster Aqua Terra/Aqua Terra Worldtimer Blue Dial Steel Bracelet,1JPF5VKD4_BFNNBE.JPG
Omega,Seamaster Aqua Terra,Aqua Terra Worldtimer Grey Dial Titanium Black Rubber Strap,Grey,Titanium,Titanium,Black Ceramic,Strap,Rubber,Men,43,1,0,high,Omega/Seamaster Aqua Terra/Aqua Terra Worldtimer Grey Dial Titanium Black Rubber Strap,1JPF5VKDT_BFNNBE.JPG
Omega,Seamaster Aqua Terra,Seamaster Aqua Terra Black Dial Green Accents Stainless Steel,Black,Silver,Stainless Steel,Polished Steel,Bracelet,Stainless Steel,Men,41,1,0,high,Omega/Seamaster Aqua Terra/Seamaster Aqua Terra Black Dial Green Accents Stainless Steel,IMG_0114.JPG
Omega,Seamaster Aqua Terra,Seamaster Aqua Terra Black Dial Stainless Steel,Black,Silver,Stainless Steel,Polished Steel,Bracelet,Stainless Steel,Men,41,1,0,high,Omega/Seamaster Aqua Terra/Seamaster Aqua Terra Black Dial Stainless Steel,IMG_0113.JPG
Omega,Seamaster Aqua Terra,Seamaster Aqua Terra Black Dial Steel Bracelet,Black,Silver,Stainless Steel,Smooth Steel,Bracelet,Stainless Steel,Men,41,1,0,high,Omega/Seamaster Aqua Terra/Seamaster Aqua Terra Black Dial Steel Bracelet,1JPF5VKER_BFNNBE.JPG
Omega,Seamaster Aqua Terra,Seamaster Aqua Terra Blue Teak Dial Steel Bracelet,Blue,Silver,Stainless Steel,Steel,Bracelet,Stainless Steel,Men,41,1,0,high,Omega/Seamaster Aqua Terra/Seamaster Aqua Terra Blue Teak Dial Steel Bracelet,1JQ0RAP5H_BFNNBE.JPG
Omega,Seamaster Aqua Terra,Seamaster Aqua Terra Grey Teak Dial Steel Bracelet,Grey,Silver,Stainless Steel,Steel,Bracelet,Stainless Steel,Men,41,1,0,high,Omega/Seamaster Aqua Terra/Seamaster Aqua Terra Grey Teak Dial Steel Bracelet,1JQ0RAP5E_BFNNBE.JPG
Omega,Seamaster Aqua Terra,Seamaster Aqua Terra Turquoise Dial Steel Bracelet,Turquoise,Silver,Stainless Steel,Smooth Steel,Bracelet,Stainless Steel,Men,41,1,0,high,Omega/Seamaster Aqua Terra/Seamaster Aqua Terra Turquoise Dial Steel Bracelet,1JPMUINOS_BFNNBE.JPG
Omega,Seamaster Aqua Terra,Seamaster Aqua Terra Turquoise Dial Steel Bracelet,Turquoise,Silver,Stainless Steel,Steel,Bracelet,Stainless Steel,Men,41,1,0,high,Omega/Seamaster Aqua Terra/Seamaster Aqua Terra Turquoise Dial Steel Bracelet 2,1JQ0RAP5B_BFNNBE.JPG
Omega,Seamaster Aqua Terra,Seamaster Aqua Terra Worldtimer Blue Dial Steel Blue Rubber Strap,Blue,Steel,Stainless Steel,Smooth,Strap,Rubber,Men,43,14,1,high,Omega/Seamaster Aqua Terra/Seamaster Aqua Terra Worldtimer Blue Dial Steel Blue Rubber Strap,1JPHSROTU_BFNNBE.JPG;1JPHSROU6_BFNNBE.JPG;1JPHSROUE_BFNNBE.JPG;1JPHSROUN_BFNNBE.JPG;1JPHSROUV_BFNNBE.JPG;1JPHSROV8_BFNNBE.JPG;1JPHSROVF_BFNNBE.JPG;1JPHSROVN_BFNNBE.JPG;1JPHSROVU_BFNNBE.JPG;1JPHSRP05_BFNNBE.JPG;1JPHSRP0B_BFNNBE.JPG;1JPHSRP0I_BFNNBE.JPG;1JPHSRP0O_BFNNBE.JPG;1JPHSRP11_BFNNBE.JPG;1JPHSRP17_BFNNBE.MP4
Omega,Seamaster Aqua Terra Worldtimer,Seamaster Aqua Terra Worldtimer Blue Dial Steel Bracelet,Blue,Steel,Stainless Steel,Smooth,Bracelet,Stainless Steel,Men,43,14,1,high,Omega/Seamaster Aqua Terra Worldtimer/Seamaster Aqua Terra Worldtimer Blue Dial Steel Bracelet,1JPHSQV0Q_BFNNBE.JPG;1JPHSQV18_BFNNBE.JPG;1JPHSQV1J_BFNNBE.JPG;1JPHSQV1T_BFNNBE.JPG;1JPHSQV26_BFNNBE.JPG;1JPHSQV2G_BFNNBE.JPG;1JPHSQV2Q_BFNNBE.JPG;1JPHSQV33_BFNNBE.JPG;1JPHSQV3H_BFNNBE.JPG;1JPHSQV3Q_BFNNBE.JPG;1JPHSQV42_BFNNBE.JPG;1JPHSQV49_BFNNBE.JPG;1JPHSQV4G_BFNNBE.JPG;1JPHSQV4N_BFNNBE.JPG;1JPHSQV4U_BFNNBE.MP4
Omega,Seamaster Diver 300M,Seamaster Diver 300M Black Dial Two Tone Sedna Gold Black Ceramic Bezel Rubber Strap,Black,Two-Tone,Steel and Rose Gold,Black Ceramic Diver Bezel With Rose Gold Ring,Strap,Rubber,Men,42,1,0,high,Omega/Seamaster Diver 300M/Seamaster Diver 300M Black Dial Two Tone Sedna Gold Black Ceramic Bezel Rubber Strap,1JQ0RAP5L_BFNNBE.JPG
Omega,Seamaster Diver 300M,Seamaster Diver Black Wave Dial Steel Black Ceramic Bezel Black Rubber Strap,Black,Silver,Stainless Steel,Black Ceramic,Strap,Rubber,Men,42,1,0,high,Omega/Seamaster Diver 300M/Seamaster Diver Black Wave Dial Steel Black Ceramic Bezel Black Rubber Strap,1JQ0RAP5O_BFNNBE.JPG
Omega,Speedmaster,Speedmaster Professional Black Dial Steel,Black,Steel,Stainless Steel,Black Tachymeter,Bracelet,Stainless Steel,Men,42,1,0,high,Omega/Speedmaster/Speedmaster Professional Black Dial Steel,1JPHNKTQF_BFNNBE.JPG
Omega,Speedmaster,Speedmaster Professional Moonwatch Black Dial Steel Black Bezel,Black,Steel,Stainless Steel,Black Tachymeter,Bracelet,Stainless Steel,Men,42,16,1,high,Omega/Speedmaster/Speedmaster Professional Moonwatch Black Dial Steel Black Bezel,1JPHUT1RB_BFNNBE.JPG;1JPHUT1RV_BFNNBE.JPG;1JPHUT1SH_BFNNBE.JPG;1JPHUT1T0_BFNNBE.JPG;1JPHUT1TD_BFNNBE.JPG;1JPHUT1TP_BFNNBE.JPG;1JPHUT1U4_BFNNBE.JPG;1JPHUT1UF_BFNNBE.JPG;1JPHUT1UP_BFNNBE.JPG;1JPHUT1V4_BFNNBE.JPG;1JPHUT1VF_BFNNBE.JPG;1JPHUT1VO_BFNNBE.JPG;1JPHUT201_BFNNBE.JPG;1JPHUT209_BFNNBE.JPG;1JPHUT20H_BFNNBE.JPG;1JPHUT20R_BFNNBE.JPG;1JPHUT214_BFNNBE.MP4
Omega,Speedmaster Moonphase,Speedmaster Moonphase Blue Dial Black Bezel Stainless Steel,Blue,Silver,Stainless Steel,Black Tachymeter,Bracelet,Stainless Steel,Men,44,1,0,high,Omega/Speedmaster Moonphase/Speedmaster Moonphase Blue Dial Black Bezel Stainless Steel,IMG_0117.JPG
Omega,Speedmaster Moonwatch,Speedmaster Moonwatch Black Dial Black Bezel Stainless Steel,Black,Silver,Stainless Steel,Black Tachymeter,Bracelet,Stainless Steel,Men,42,1,0,high,Omega/Speedmaster Moonwatch/Speedmaster Moonwatch Black Dial Black Bezel Stainless Steel,IMG_0116.JPG
Omega,Speedmaster Racing,Speedmaster Racing Blue Dial Black Bezel Stainless Steel,Blue,Silver,Stainless Steel,Black Tachymeter,Bracelet,Stainless Steel,Men,44,1,0,high,Omega/Speedmaster Racing/Speedmaster Racing Blue Dial Black Bezel Stainless Steel,IMG_0115.JPG
Patek Philippe,Aquanaut,Aquanaut Black Embossed Dial Steel Black Rubber Strap,Black,Steel,Stainless Steel,Steel,Strap,Rubber,Men,40,1,0,high,Patek Philippe/Aquanaut/Aquanaut Black Embossed Dial Steel Black Rubber Strap,1JQ0RAP27_BFNNBE.JPG
Patek Philippe,Calatrava,Calatrava Black Dial Steel Black Strap,Black,Silver,Stainless Steel,Smooth,Strap,Leather,Men,40,12,1,high,Patek Philippe/Calatrava/Calatrava Black Dial Steel Black Strap,1JRL5OD4F_BFNNBE.JPG;1JRL5OD4Q_BFNNBE.JPG;1JRL5OD52_BFNNBE.JPG;1JRL5OD5B_BFNNBE.JPG;1JRL5OD5H_BFNNBE.JPG;1JRL5OD5O_BFNNBE.JPG;1JRL5OD5T_BFNNBE.JPG;1JRL5OD61_BFNNBE.JPG;1JRL5OD65_BFNNBE.JPG;1JRL5OD6A_BFNNBE.JPG;1JRL5OD6E_BFNNBE.JPG;1JRL5OD6H_BFNNBE.JPG;1JRL5OD6O_BFNNBE.MP4
Patek Philippe,Calatrava,Calatrava Pilot Black Dial Steel Carbon Strap,Black,Silver,Stainless Steel,Smooth,Strap,Carbon,Men,40,2,0,medium,Patek Philippe/Calatrava/Calatrava Pilot Black Dial Steel Carbon Strap,1JRK9618H_90HD2R 2.JPG;1JRK9618H_90HD2R.JPG
Patek Philippe,Complications,Travel Time Annual Calendar Silver Dial Rose Gold Brown Strap,Silver,Rose Gold,Rose Gold,Smooth,Strap,Leather,Men,42,1,0,medium,Patek Philippe/Complications/Travel Time Annual Calendar Silver Dial Rose Gold Brown Strap,b9525fbe-0c5b-4ac5-a019-72edd6549a6f.JPG
Patek Philippe,Cubitus,Cubitus Blue Dial White Gold Blue Fabric Strap,Blue,White,White Gold,Octagonal,Strap,Fabric,Men,45,1,0,medium,Patek Philippe/Cubitus/Cubitus Blue Dial White Gold Blue Fabric Strap,1JRK9618L_90HD2R.JPG
Patek Philippe,Cubitus,Cubitus Green Dial Steel Bracelet,Green,Steel,Stainless Steel,Steel Octagonal,Bracelet,Stainless Steel,Men,45,1,0,medium,Patek Philippe/Cubitus/Cubitus Green Dial Steel Bracelet,1JQ0RAP0O_BFNNBE.JPG
Patek Philippe,Cubitus,Cubitus Perpetual Calendar Blue Dial Blue Strap,Blue,Steel,Stainless Steel,Steel Octagonal,Strap,Fabric,Men,45,1,0,medium,Patek Philippe/Cubitus/Cubitus Perpetual Calendar Blue Dial Blue Strap,1JQ0RAP1A_BFNNBE.JPG
Patek Philippe,Grand Complications,Perpetual Calendar Moonphase Cream Dial White Gold Brown Leather Strap,Cream,White,White Gold,Smooth White Gold,Strap,Leather,Men,40,1,0,medium,Patek Philippe/Grand Complications/Perpetual Calendar Moonphase Cream Dial White Gold Brown Leather Strap,a8e89c0e-32d4-4e6e-901b-27e69fe01a17.JPG
Patek Philippe,Nautilus,Nautilus Blue Dial Steel,Blue,Steel,Stainless Steel,Steel,Bracelet,Stainless Steel,Women,35,1,0,high,Patek Philippe/Nautilus/Nautilus Blue Dial Steel,1JPHNKTQ1_BFNNBE.JPG
Patek Philippe,Nautilus,Nautilus Blue Dial Steel Moon Phase Power Reserve,Blue,Silver,Stainless Steel,Smooth Steel,Bracelet,Stainless Steel,Men,40,1,0,high,Patek Philippe/Nautilus/Nautilus Blue Dial Steel Moon Phase Power Reserve,1JPF5VKGF_BFNNBE.JPG
Patek Philippe,Nautilus,Nautilus Brown Dial Diamond Bezel Steel,Brown,Steel,Stainless Steel,Diamond,Bracelet,Stainless Steel,Women,35,1,0,high,Patek Philippe/Nautilus/Nautilus Brown Dial Diamond Bezel Steel,1JPHNKTQ8_BFNNBE.JPG
Patek Philippe,Nautilus,Nautilus Brown Grey Dial Rose Gold Diamond Bezel,Brown,Rose Gold,Rose Gold,Diamond Set,Bracelet,Rose Gold,Men,40,1,0,high,Patek Philippe/Nautilus/Nautilus Brown Grey Dial Rose Gold Diamond Bezel,1JPMUINOL_BFNNBE.JPG
Patek Philippe,Nautilus,Nautilus Chronograph Blue Dial Steel Denim Strap,Blue,Steel,Stainless Steel,Steel,Strap,Denim Fabric,Men,41,1,0,high,Patek Philippe/Nautilus/Nautilus Chronograph Blue Dial Steel Denim Strap,1JPHNKTR3_BFNNBE.JPG
Patek Philippe,Nautilus,Nautilus Chronograph Blue Dial Steel Denim Strap,Blue,Silver,Stainless Steel,Steel,Strap,Denim,Men,41,12,0,high,Patek Philippe/Nautilus/Nautilus Chronograph Blue Dial Steel Denim Strap 2,1JQ5SBC75_BFNNBE.JPG;1JQ5SBC7L_BFNNBE.JPG;1JQ5SBC7U_BFNNBE.JPG;1JQ5SBC86_BFNNBE.JPG;1JQ5SBC8C_BFNNBE.JPG;1JQ5SBC8I_BFNNBE.JPG;1JQ5SBC8N_BFNNBE.JPG;1JQ5SBC8S_BFNNBE.JPG;1JQ5SBC90_BFNNBE.JPG;1JQ5SBC94_BFNNBE.JPG;1JQ5SBC98_BFNNBE.JPG;1JQ5SBC9D_BFNNBE.JPG
Patek Philippe,Nautilus,Nautilus Diamond Bezel Blue Dial Black Strap,Blue,White Gold,White Gold,Diamond Set,Strap,Leather,Men,40,1,0,medium,Patek Philippe/Nautilus/Nautilus Diamond Bezel Blue Dial Black Strap,1JQ0RAP1M_BFNNBE.JPG
Patek Philippe,Nautilus,Nautilus Grey Dial Steel Smooth Bezel,Grey,Silver,Stainless Steel,Smooth Steel,Bracelet,Stainless Steel,Women,35,1,0,high,Patek Philippe/Nautilus/Nautilus Grey Dial Steel Smooth Bezel,1JPF5VKFQ_BFNNBE.JPG
Patek Philippe,Nautilus,Nautilus Ladies Rose Gold Golden Dial Diamond Bezel,Rose Gold,Rose Gold,Rose Gold,Diamond Set,Bracelet,Rose Gold,Women,35,1,0,high,Patek Philippe/Nautilus/Nautilus Ladies Rose Gold Golden Dial Diamond Bezel,1JPF5VKF6_BFNNBE.JPG
Patek Philippe,Nautilus,Nautilus Ladies Rose Gold White Dial Diamond Bezel,White,Rose Gold,Rose Gold,Diamond Set,Bracelet,Rose Gold,Women,32,1,0,high,Patek Philippe/Nautilus/Nautilus Ladies Rose Gold White Dial Diamond Bezel,1JPF5VKF1_BFNNBE.JPG
Patek Philippe,Nautilus,Nautilus Ladies Rose Gold White Dial Diamond Bezel,White,Rose Gold,Rose Gold,Diamond Set,Bracelet,Rose Gold,Women,35,1,0,high,Patek Philippe/Nautilus/Nautilus Ladies Rose Gold White Dial Diamond Bezel 2,1JPF5VKFB_BFNNBE.JPG
Patek Philippe,Nautilus,Nautilus Perpetual Calendar Purple Dial Steel Bracelet,Purple,Silver,Stainless Steel,Smooth,Bracelet,Stainless Steel,Men,40,1,0,medium,Patek Philippe/Nautilus/Nautilus Perpetual Calendar Purple Dial Steel Bracelet,c1053ae4-c98b-4d45-881d-f5a797c19191.JPG
Patek Philippe,Nautilus,Nautilus Rose Gold Diamond Bezel Brown Dial Brown Strap,Brown,Rose Gold,Rose Gold,Diamond Set,Strap,Leather,Men,40,1,0,medium,Patek Philippe/Nautilus/Nautilus Rose Gold Diamond Bezel Brown Dial Brown Strap,1JQ0RAP1V_BFNNBE.JPG
Patek Philippe,Nautilus,Nautilus White Dial Steel Diamond Bezel,White,Silver,Stainless Steel,Diamond Set,Bracelet,Stainless Steel,Women,35,1,0,high,Patek Philippe/Nautilus/Nautilus White Dial Steel Diamond Bezel,1JPF5VKFL_BFNNBE.JPG
Patek Philippe,Nautilus,Nautilus White Dial Steel Smooth Bezel,White,Silver,Stainless Steel,Smooth Steel,Bracelet,Stainless Steel,Women,35,1,0,high,Patek Philippe/Nautilus/Nautilus White Dial Steel Smooth Bezel,1JPF5VKFG_BFNNBE.JPG
Patek Philippe,World Time,World Time Black And Silver Dial White Gold Bracelet,Black,Silver,White Gold,Smooth,Bracelet,White Gold,Men,40,1,0,medium,Patek Philippe/World Time/World Time Black And Silver Dial White Gold Bracelet,f0e52092-68f6-4a0e-9691-ee277bf8f3db.JPG
Piaget,Polo,Polo Blue Dial Steel Blue Leather Strap,Blue,Steel,Stainless Steel,Steel,Strap,Leather,Men,42,1,0,high,Piaget/Polo/Polo Blue Dial Steel Blue Leather Strap,1JQ0RAP2E_BFNNBE.JPG
Richard Mille,RM 035,RM 035 Americas Skeleton Dial Rose Gold Black Rubber Strap,Skeleton,Rose Gold,Rose Gold,Tonneau,Strap,Rubber,Men,48,29,2,high,Richard Mille/RM 035/RM 035 Americas Skeleton Dial Rose Gold Black Rubber Strap,1JPA2TLE6_BFNNBE.JPG;1JPA2TLEC_BFNNBE.JPG;1JPA2TLEH_BFNNBE.JPG;1JPA2TLEL_BFNNBE.JPG;1JPA2TLEP_BFNNBE.JPG;1JPA2TLEU_BFNNBE.JPG;1JPA2TLF3_BFNNBE.JPG;1JPA2TLF7_BFNNBE.JPG;1JPA2TLFB_BFNNBE.JPG;1JPA2TLFF_BFNNBE.JPG;1JPA2TLFI_BFNNBE.JPG;1JPA2TLFM_BFNNBE.JPG;1JPA2TLFP_BFNNBE.JPG;1JPA2TLFS_BFNNBE.JPG;1JPA32MEJ_BFNNBE.JPG;1JPA32MF3_BFNNBE.JPG;1JPA32MF9_BFNNBE.JPG;1JPA32MFE_BFNNBE.JPG;1JPA32MFJ_BFNNBE.JPG;1JPA32MFO_BFNNBE.JPG;1JPA32MFS_BFNNBE.JPG;1JPA32MG1_BFNNBE.JPG;1JPA32MG5_BFNNBE.JPG;1JPA32MG9_BFNNBE.JPG;1JPA32MGD_BFNNBE.JPG;1JPA32MGI_BFNNBE.JPG;1JPA32MGL_BFNNBE.JPG;1JPA32MGO_BFNNBE.JPG;1JPA32MGS_BFNNBE.JPG;1JPA2TLFV_BFNNBE.MP4;1JPA32MGV_BFNNBE.MP4
Richard Mille,RM 035,RM 035 Black Carbon Case Skeleton Dial White Rubber Strap,Skeleton,Black,Carbon,Tonneau,Strap,Rubber,Men,48,1,0,medium,Richard Mille/RM 035/RM 035 Black Carbon Case Skeleton Dial White Rubber Strap,9d0db91fd46ada2b3dc473764bef6d.JPG
Richard Mille,RM 035,RM 035 Skeleton Black Ceramic Case Black Rubber Strap,Skeleton,Black,Ceramic,Fixed Tonneau,Strap,Rubber,Men,48,1,0,medium,Richard Mille/RM 035/RM 035 Skeleton Black Ceramic Case Black Rubber Strap,1JPA54P9K_BFNNBE.JPG
Richard Mille,RM 035,RM 035 Transparent Sapphire Case Black Inner Bezel White Rubber Strap,Skeleton,Transparent,Sapphire Crystal,Transparent Sapphire,Strap,Rubber,Men,44,1,0,medium,Richard Mille/RM 035/RM 035 Transparent Sapphire Case Black Inner Bezel White Rubber Strap,IMG_9959.JPG
Richard Mille,RM 035,RM 035 Transparent Sapphire Case Blue Inner Bezel White Rubber Strap,Skeleton,Transparent,Sapphire Crystal,Transparent Sapphire,Strap,Rubber,Men,44,1,0,medium,Richard Mille/RM 035/RM 035 Transparent Sapphire Case Blue Inner Bezel White Rubber Strap,IMG_9956.JPG
Richard Mille,RM 035,RM 035 Transparent Sapphire Case Rose Gold Inner Bezel White Rubber Strap,Skeleton,Transparent,Sapphire Crystal,Transparent Sapphire,Strap,Rubber,Men,44,1,0,medium,Richard Mille/RM 035/RM 035 Transparent Sapphire Case Rose Gold Inner Bezel White Rubber Strap,IMG_9958.JPG
Richard Mille,RM 035,RM 035 Transparent Sapphire Case White Inner Bezel White Rubber Strap,Skeleton,Transparent,Sapphire Crystal,Transparent Sapphire,Strap,Rubber,Men,44,1,0,medium,Richard Mille/RM 035/RM 035 Transparent Sapphire Case White Inner Bezel White Rubber Strap,IMG_9957.JPG
Richard Mille,RM 055,RM 055 Black Case Diamond Bezel Skeleton Dial Black Rubber Strap,Skeleton,Black,Carbon,Diamond Set,Strap,Rubber,Men,44,1,0,medium,Richard Mille/RM 055/RM 055 Black Case Diamond Bezel Skeleton Dial Black Rubber Strap,IMG_9960.JPG
Richard Mille,RM 055,RM 055 Bubba Watson Black Ceramic Case Skeleton Dial Red Crown Black Strap,Skeleton,Black,Ceramic,Black Ceramic,Strap,Rubber,Men,50,16,1,high,Richard Mille/RM 055/RM 055 Bubba Watson Black Ceramic Case Skeleton Dial Red Crown Black Strap,1JPA3OFRU_BFNNBE.JPG;1JPA3OFS4_BFNNBE.JPG;1JPA3OFSC_BFNNBE.JPG;1JPA3OFSK_BFNNBE.JPG;1JPA3OFSP_BFNNBE.JPG;1JPA3OFSV_BFNNBE.JPG;1JPA3OFT4_BFNNBE.JPG;1JPA3OFT9_BFNNBE.JPG;1JPA3OFTE_BFNNBE.JPG;1JPA3OFTI_BFNNBE.JPG;1JPA3OFTN_BFNNBE.JPG;1JPA3OFTR_BFNNBE.JPG;1JPA3OFTV_BFNNBE.JPG;1JPA3OFU2_BFNNBE.JPG;1JPA3OFU5_BFNNBE.JPG;1JPA3OFU8_BFNNBE.JPG;1JPA3OFUB_BFNNBE.MP4
Richard Mille,RM 055,RM 055 Bubba Watson Black Ceramic Skeleton Dial Black Rubber Strap,Skeleton,Black,Ceramic,Black Ceramic,Strap,Rubber,Men,50,14,1,high,Richard Mille/RM 055/RM 055 Bubba Watson Black Ceramic Skeleton Dial Black Rubber Strap,1JPA3FFF1_BFNNBE.JPG;1JPA3FFF6_BFNNBE.JPG;1JPA3FFFB_BFNNBE.JPG;1JPA3FFFG_BFNNBE.JPG;1JPA3FFFK_BFNNBE.JPG;1JPA3FFFP_BFNNBE.JPG;1JPA3FFFT_BFNNBE.JPG;1JPA3FFG1_BFNNBE.JPG;1JPA3FFG5_BFNNBE.JPG;1JPA3FFG8_BFNNBE.JPG;1JPA3FFGC_BFNNBE.JPG;1JPA3FFGF_BFNNBE.JPG;1JPA3FFGI_BFNNBE.JPG;1JPA3FFGL_BFNNBE.JPG;1JPA3FFGO_BFNNBE.MP4
Richard Mille,RM 055,RM 055 Green Case Skeleton Dial Orange Rubber Strap,Skeleton,Green,Carbon,Tonneau,Strap,Rubber,Men,48,1,0,low,Richard Mille/RM 055/RM 055 Green Case Skeleton Dial Orange Rubber Strap,IMG_0046.PNG
Richard Mille,RM 055,RM 055 Skeleton Black Ceramic Case Black Rubber Strap,Skeleton,Black,Ceramic,Fixed Tonneau,Strap,Rubber,Men,48,1,0,medium,Richard Mille/RM 055/RM 055 Skeleton Black Ceramic Case Black Rubber Strap,1JPA54PAU_BFNNBE.JPG
Richard Mille,RM 055,RM 055 Skeleton Black Ceramic Case Rose Gold Movement Black Rubber Strap,Skeleton,Black,Ceramic,Fixed Tonneau,Strap,Rubber,Men,48,1,0,medium,Richard Mille/RM 055/RM 055 Skeleton Black Ceramic Case Rose Gold Movement Black Rubber Strap,1JPA54PAO_BFNNBE.JPG
Richard Mille,RM 055,RM 055 Skeleton Black Ceramic Case Rose Gold Movement Black Rubber Strap,Skeleton,Black,Ceramic,Fixed Tonneau,Strap,Rubber,Men,48,1,0,medium,Richard Mille/RM 055/RM 055 Skeleton Black Ceramic Case Rose Gold Movement Black Rubber Strap 2,1JPA54PAR_BFNNBE.JPG
Richard Mille,RM 055,RM 055 Skeleton Black Ceramic Rose Gold Accents Black Rubber Strap,Skeleton,Black,Ceramic,Black Ceramic,Strap,Rubber,Men,50,14,1,high,Richard Mille/RM 055/RM 055 Skeleton Black Ceramic Rose Gold Accents Black Rubber Strap,1JPA3L0HB_BFNNBE.JPG;1JPA3L0HI_BFNNBE.JPG;1JPA3L0HQ_BFNNBE.JPG;1JPA3L0I0_BFNNBE.JPG;1JPA3L0I6_BFNNBE.JPG;1JPA3L0IB_BFNNBE.JPG;1JPA3L0IG_BFNNBE.JPG;1JPA3L0IK_BFNNBE.JPG;1JPA3L0IP_BFNNBE.JPG;1JPA3L0IT_BFNNBE.JPG;1JPA3L0J1_BFNNBE.JPG;1JPA3L0J5_BFNNBE.JPG;1JPA3L0J8_BFNNBE.JPG;1JPA3L0JC_BFNNBE.JPG;1JPA3L0JF_BFNNBE.MP4
Richard Mille,RM 055,RM 055 White Case Skeleton Dial White Rubber Strap,Skeleton,White,Ceramic,Tonneau,Strap,Rubber,Men,48,1,0,low,Richard Mille/RM 055/RM 055 White Case Skeleton Dial White Rubber Strap,IMG_0048.PNG
Richard Mille,RM 055,RM 055 White Ceramic Case Skeleton Dial White Rubber Strap,Skeleton,White,Ceramic,Tonneau,Strap,Rubber,Men,48,1,0,low,Richard Mille/RM 055/RM 055 White Ceramic Case Skeleton Dial White Rubber Strap,IMG_0045.PNG
Richard Mille,RM 11-03,Flyback Chronograph Carbon Rose Gold Skeleton Dial Black Rubber Strap,Skeleton,Black And Rose Gold,Carbon TPT And Rose Gold,Carbon,Strap,Rubber,Men,50,1,0,low,Richard Mille/RM 11-03/Flyback Chronograph Carbon Rose Gold Skeleton Dial Black Rubber Strap,1JPA54PBE_BFNNBE.JPG
Richard Mille,RM 11-03,McLaren Flyback Chronograph Carbon Orange Accents Black Rubber Strap,Skeleton,Titanium And Carbon,Carbon TPT And Titanium,Carbon,Strap,Rubber,Men,50,1,0,medium,Richard Mille/RM 11-03/McLaren Flyback Chronograph Carbon Orange Accents Black Rubber Strap,1JPA54PBK_BFNNBE.JPG
Richard Mille,RM 11-03,RM 11-03 Mclaren Flyback Chronograph Carbon Titanium Black Rubber Strap,Skeleton,Gray,Carbon TPT and Titanium,Fixed,Strap,Rubber,Men,44,3,0,high,Richard Mille/RM 11-03/RM 11-03 Mclaren Flyback Chronograph Carbon Titanium Black Rubber Strap,1JPA3SQ9V_BFNNBE.JPG;1JPA3SQA3_BFNNBE.JPG;1JPA3SQA6_BFNNBE.JPG
Richard Mille,RM 21-02,RM 21-02 Tourbillon Aerodyne Green Carbon Skeleton Dial White Rubber Strap,Skeleton,Green,Carbon TPT,Green Quartz TPT,Strap,Rubber,Men,50,9,0,high,Richard Mille/RM 21-02/RM 21-02 Tourbillon Aerodyne Green Carbon Skeleton Dial White Rubber Strap,IMG_0372.JPG;IMG_0373.JPG;IMG_0374.JPG;IMG_0375.JPG;IMG_0376.JPG;IMG_0377.JPG;IMG_0378.JPG;IMG_0379.JPG;IMG_0380.JPG
Richard Mille,RM 27-03,RM 27-03 Rafael Nadal Tourbillon Red Quartz TPT Black Skeleton Black Fabric Strap,Skeleton,Red,Carbon TPT,Red Quartz Tpt,Strap,Fabric,Men,47,15,1,high,Richard Mille/RM 27-03/RM 27-03 Rafael Nadal Tourbillon Red Quartz TPT Black Skeleton Black Fabric Strap,1JPA3QHE1_BFNNBE.JPG;1JPA3QHE3_BFNNBE.JPG;1JPA3QHE6_BFNNBE.JPG;1JPA3QHE9_BFNNBE.JPG;1JPA3QHEC_BFNNBE.JPG;1JPA3QHEF_BFNNBE.JPG;1JPA3QHEI_BFNNBE.JPG;1JPA3QHEM_BFNNBE.JPG;1JPA3QHEP_BFNNBE.JPG;1JPA3QHES_BFNNBE.JPG;1JPA3QHF0_BFNNBE.JPG;1JPA3QHF3_BFNNBE.JPG;1JPA3QHF6_BFNNBE.JPG;1JPA3QHF9_BFNNBE.JPG;1JPA3QHFC_BFNNBE.JPG;1JPA3QHFF_BFNNBE.MP4
Richard Mille,RM 27-03,RM 27-03 Rafael Nadal Yellow Red Quartz TPT Skeleton Yellow Strap,Skeleton,Yellow,Quartz TPT,Red Quartz TPT,Strap,Fabric,Men,47,13,1,high,Richard Mille/RM 27-03/RM 27-03 Rafael Nadal Yellow Red Quartz TPT Skeleton Yellow Strap,1JPA3R9D3_BFNNBE.JPG;1JPA3R9DC_BFNNBE.JPG;1JPA3R9DH_BFNNBE.JPG;1JPA3R9DN_BFNNBE.JPG;1JPA3R9DS_BFNNBE.JPG;1JPA3R9E0_BFNNBE.JPG;1JPA3R9E5_BFNNBE.JPG;1JPA3R9EA_BFNNBE.JPG;1JPA3R9EE_BFNNBE.JPG;1JPA3R9EI_BFNNBE.JPG;1JPA3R9EM_BFNNBE.JPG;1JPA3R9EQ_BFNNBE.JPG;1JPA3R9ET_BFNNBE.JPG;1JPA3R9F1_BFNNBE.MP4
Richard Mille,RM 27-04,Tourbillon Red Carbon Black Skeleton Dial Black Fabric Strap,Skeleton,Red,Carbon TPT,Red Carbon,Strap,Fabric,Men,47,1,0,medium,Richard Mille/RM 27-04/Tourbillon Red Carbon Black Skeleton Dial Black Fabric Strap,1JPA54PB5_BFNNBE.JPG
Richard Mille,RM 27-04,Tourbillon Yellow Carbon Black Skeleton Dial Yellow Fabric Strap,Skeleton,Yellow,Carbon TPT,Yellow Carbon,Strap,Fabric,Men,47,1,0,medium,Richard Mille/RM 27-04/Tourbillon Yellow Carbon Black Skeleton Dial Yellow Fabric Strap,1JPA54PB7_BFNNBE.JPG
Richard Mille,RM 35-01,RM 35-01 Rafael Nadal Black Carbon Skeleton Dial Red Strap,Skeleton,Black,Carbon TPT,Carbon TPT,Strap,Rubber,Men,44,14,1,high,Richard Mille/RM 35-01/RM 35-01 Rafael Nadal Black Carbon Skeleton Dial Red Strap,1JPA3888U_BFNNBE.JPG;1JPA38898_BFNNBE.JPG;1JPA3889J_BFNNBE.JPG;1JPA3889O_BFNNBE.JPG;1JPA388A2_BFNNBE.JPG;1JPA388AA_BFNNBE.JPG;1JPA388AG_BFNNBE.JPG;1JPA388AM_BFNNBE.JPG;1JPA388AU_BFNNBE.JPG;1JPA388B2_BFNNBE.JPG;1JPA388B8_BFNNBE.JPG;1JPA388BD_BFNNBE.JPG;1JPA388BG_BFNNBE.JPG;1JPA388BK_BFNNBE.JPG;1JPA388BO_BFNNBE.MP4
Richard Mille,RM 35-01,RM 35-01 Rafael Nadal Black Carbon TPT Skeleton Dial Black Strap,Skeleton,Black,Carbon TPT,Fixed Black Carbon TPT,Strap,Rubber,Men,50,3,0,high,Richard Mille/RM 35-01/RM 35-01 Rafael Nadal Black Carbon TPT Skeleton Dial Black Strap,1JPA3DFDS_BFNNBE.JPG;1JPA3DFE0_BFNNBE.JPG;1JPA3DFE5_BFNNBE.JPG
Richard Mille,RM 35-01,RM 35-01 Rafael Nadal Sapphire Crystal Case Skeleton Dial Black Strap,Skeleton,Transparent,Sapphire Crystal,Sapphire Crystal,Strap,Rubber,Men,49,16,1,high,Richard Mille/RM 35-01/RM 35-01 Rafael Nadal Sapphire Crystal Case Skeleton Dial Black Strap,1JPA3MCA7_BFNNBE.JPG;1JPA3MCAE_BFNNBE.JPG;1JPA3MCAL_BFNNBE.JPG;1JPA3MCAR_BFNNBE.JPG;1JPA3MCB1_BFNNBE.JPG;1JPA3MCB5_BFNNBE.JPG;1JPA3MCBA_BFNNBE.JPG;1JPA3MCBF_BFNNBE.JPG;1JPA3MCBJ_BFNNBE.JPG;1JPA3MCBO_BFNNBE.JPG;1JPA3MCBS_BFNNBE.JPG;1JPA3MCC0_BFNNBE.JPG;1JPA3MCC4_BFNNBE.JPG;1JPA3MCC7_BFNNBE.JPG;1JPA3MCCA_BFNNBE.JPG;1JPA3MCCD_BFNNBE.JPG;1JPA3MCCG_BFNNBE.MP4
Richard Mille,RM 35-01,RM 35-01 Rafael Nadal White Quartz TPT Skeleton Dial Black Strap,Skeleton,White,Quartz TPT,Fixed White Quartz TPT,Strap,Rubber,Men,50,15,1,high,Richard Mille/RM 35-01/RM 35-01 Rafael Nadal White Quartz TPT Skeleton Dial Black Strap,1JPA3AFNM_BFNNBE.JPG;1JPA3AFNT_BFNNBE.JPG;1JPA3AFO3_BFNNBE.JPG;1JPA3AFO8_BFNNBE.JPG;1JPA3AFOD_BFNNBE.JPG;1JPA3AFOJ_BFNNBE.JPG;1JPA3AFON_BFNNBE.JPG;1JPA3AFOR_BFNNBE.JPG;1JPA3AFP0_BFNNBE.JPG;1JPA3AFP4_BFNNBE.JPG;1JPA3AFP8_BFNNBE.JPG;1JPA3AFPC_BFNNBE.JPG;1JPA3AFPI_BFNNBE.JPG;1JPA3AFPN_BFNNBE.JPG;1JPA3AFPS_BFNNBE.JPG;1JPA3AFQ1_BFNNBE.MP4
Richard Mille,RM 35-02,RM 35-02 Rafael Nadal Black Carbon TPT Skeleton Dial Red Crown Black Strap,Skeleton,Black,Carbon TPT,Fixed Black Carbon TPT,Strap,Rubber,Men,50,11,1,high,Richard Mille/RM 35-02/RM 35-02 Rafael Nadal Black Carbon TPT Skeleton Dial Red Crown Black Strap,1JPA3DFEA_BFNNBE.JPG;1JPA3DFEF_BFNNBE.JPG;1JPA3DFEI_BFNNBE.JPG;1JPA3DFEN_BFNNBE.JPG;1JPA3DFEQ_BFNNBE.JPG;1JPA3DFET_BFNNBE.JPG;1JPA3DFF1_BFNNBE.JPG;1JPA3DFF5_BFNNBE.JPG;1JPA3DFF8_BFNNBE.JPG;1JPA3DFFB_BFNNBE.JPG;1JPA3DFFE_BFNNBE.JPG;1JPA3DFFH_BFNNBE.MP4
Richard Mille,RM 35-02,RM 35-02 Rafael Nadal Red Quartz TPT Skeleton Dial Red Rubber Strap,Skeleton,Red,Quartz TPT,Red Quartz TPT,Strap,Rubber,Men,50,15,0,high,Richard Mille/RM 35-02/RM 35-02 Rafael Nadal Red Quartz TPT Skeleton Dial Red Rubber Strap,1JPA3IOE0_BFNNBE.JPG;1JPA3IOE2_BFNNBE.JPG;1JPA3IOE4_BFNNBE.JPG;1JPA3IOE7_BFNNBE.JPG;1JPA3IOEA_BFNNBE.JPG;1JPA3IOED_BFNNBE.JPG;1JPA3IOEG_BFNNBE.JPG;1JPA3IOEK_BFNNBE.JPG;1JPA3IOEN_BFNNBE.JPG;1JPA3IOEQ_BFNNBE.JPG;1JPA3IOET_BFNNBE.JPG;1JPA3IOF0_BFNNBE.JPG;1JPA3IOF4_BFNNBE.JPG;1JPA3IOF7_BFNNBE.JPG;1JPA3IOFA_BFNNBE.JPG
Richard Mille,RM 35-02,RM 35-02 Skeleton Black Carbon Case Black Rubber Strap,Skeleton,Black,Carbon,Fixed Tonneau,Strap,Rubber,Men,50,1,0,medium,Richard Mille/RM 35-02/RM 35-02 Skeleton Black Carbon Case Black Rubber Strap,1JPA54PAE_BFNNBE.JPG
Richard Mille,RM 35-02,RM 35-02 Skeleton Black Carbon Case Red Rubber Strap,Skeleton,Black,Carbon,Fixed Tonneau,Strap,Rubber,Men,50,1,0,medium,Richard Mille/RM 35-02/RM 35-02 Skeleton Black Carbon Case Red Rubber Strap,1JPA54PAI_BFNNBE.JPG
Richard Mille,RM 35-02,RM 35-02 Skeleton Black Carbon Case White Rubber Strap,Skeleton,Black,Carbon,Fixed Tonneau,Strap,Rubber,Men,50,1,0,medium,Richard Mille/RM 35-02/RM 35-02 Skeleton Black Carbon Case White Rubber Strap,1JPA54PAA_BFNNBE.JPG
Richard Mille,RM 35-02,RM 35-02 Skeleton Red Carbon Case Red Rubber Strap,Skeleton,Red,Carbon,Fixed Tonneau,Strap,Rubber,Men,50,1,0,medium,Richard Mille/RM 35-02/RM 35-02 Skeleton Red Carbon Case Red Rubber Strap,1JPA54PA2_BFNNBE.JPG
Richard Mille,RM 35-02,RM 35-02 Skeleton Red Carbon Case Red Rubber Strap,Skeleton,Red,Carbon,Fixed Tonneau,Strap,Rubber,Men,50,1,0,medium,Richard Mille/RM 35-02/RM 35-02 Skeleton Red Carbon Case Red Rubber Strap 2,1JPA54PAL_BFNNBE.JPG
Richard Mille,RM 35-02,RM 35-02 Skeleton White Quartz Case Black Rubber Strap,Skeleton,White,Quartz TPT,Fixed Tonneau,Strap,Rubber,Men,50,1,0,medium,Richard Mille/RM 35-02/RM 35-02 Skeleton White Quartz Case Black Rubber Strap,1JPA54PA6_BFNNBE.JPG
Richard Mille,RM 35-03,RM 35-03 Automatic Light Blue Quartz TPT Skeleton Dial Blue Rubber Strap,Skeleton,Light Blue,Quartz TPT,Light Blue Quartz TPT,Strap,Rubber,Men,44,30,1,high,Richard Mille/RM 35-03/RM 35-03 Automatic Light Blue Quartz TPT Skeleton Dial Blue Rubber Strap,1JQT3E8JQ_BFNNBE 2.JPG;1JQT3E8JQ_BFNNBE.JPG;1JQT3E8K3_BFNNBE 2.JPG;1JQT3E8K3_BFNNBE.JPG;1JQT3E8KA_BFNNBE 2.JPG;1JQT3E8KA_BFNNBE.JPG;1JQT3E8KG_BFNNBE 2.JPG;1JQT3E8KG_BFNNBE.JPG;1JQT3E8KM_BFNNBE 2.JPG;1JQT3E8KM_BFNNBE.JPG;1JQT3E8KR_BFNNBE 2.JPG;1JQT3E8KR_BFNNBE.JPG;1JQT3E8L1_BFNNBE 2.JPG;1JQT3E8L1_BFNNBE.JPG;1JQT3E8L5_BFNNBE 2.JPG;1JQT3E8L5_BFNNBE.JPG;1JQT3E8L9_BFNNBE 2.JPG;1JQT3E8L9_BFNNBE.JPG;1JQT3E8LE_BFNNBE 2.JPG;1JQT3E8LE_BFNNBE.JPG;1JQT3E8LI_BFNNBE 2.JPG;1JQT3E8LI_BFNNBE.JPG;1JQT3E8LL_BFNNBE 2.JPG;1JQT3E8LL_BFNNBE.JPG;1JQT3E8LO_BFNNBE 2.JPG;1JQT3E8LO_BFNNBE.JPG;1JQT3E8LR_BFNNBE 2.JPG;1JQT3E8LR_BFNNBE.JPG;1JQT3E8LV_BFNNBE 2.JPG;1JQT3E8LV_BFNNBE.JPG;1JQT3E8M2_BFNNBE.MP4
Richard Mille,RM 35-03,RM 35-03 Rafael Nadal Carbon TPT Black Skeleton Dial Black Rubber Strap,Black,Black,Carbon TPT,Carbon TPT,Strap,Rubber,Men,44,16,1,high,Richard Mille/RM 35-03/RM 35-03 Rafael Nadal Carbon TPT Black Skeleton Dial Black Rubber Strap,1JQT8VIOO_BFNNBE.JPG;1JQT8VIP3_BFNNBE.JPG;1JQT8VIPE_BFNNBE.JPG;1JQT8VIPM_BFNNBE.JPG;1JQT8VIPT_BFNNBE.JPG;1JQT8VIQ4_BFNNBE.JPG;1JQT8VIQ9_BFNNBE.JPG;1JQT8VIQF_BFNNBE.JPG;1JQT8VIQK_BFNNBE.JPG;1JQT8VIQP_BFNNBE.JPG;1JQT8VIQT_BFNNBE.JPG;1JQT8VIR0_BFNNBE.JPG;1JQT8VIR4_BFNNBE.JPG;1JQT8VIR7_BFNNBE.JPG;1JQT8VIRA_BFNNBE.JPG;1JQT8VIRD_BFNNBE.JPG;1JQT8VIRG_BFNNBE.MP4
Richard Mille,RM 35-03,RM 35-03 Rafael Nadal Orange Quartz TPT Case Black Rubber Strap,Skeleton,Orange,Quartz TPT,Orange Quartz TPT,Strap,Rubber,Men,44,17,1,high,Richard Mille/RM 35-03/RM 35-03 Rafael Nadal Orange Quartz TPT Case Black Rubber Strap,1JQT8UO8R_BFNNBE.JPG;1JQT8UO92_BFNNBE.JPG;1JQT8UO9A_BFNNBE.JPG;1JQT8UO9H_BFNNBE.JPG;1JQT8UO9O_BFNNBE.JPG;1JQT8UO9U_BFNNBE.JPG;1JQT8UOA4_BFNNBE.JPG;1JQT8UOA9_BFNNBE.JPG;1JQT8UOAF_BFNNBE.JPG;1JQT8UOAK_BFNNBE.JPG;1JQT8UOAQ_BFNNBE.JPG;1JQT8UOAV_BFNNBE.JPG;1JQT8UOB4_BFNNBE.JPG;1JQT8UOB9_BFNNBE.JPG;1JQT8UOBD_BFNNBE.JPG;1JQT8UOBI_BFNNBE.JPG;1JQT8UOBN_BFNNBE.JPG;1JQT8UOBT_BFNNBE.MP4
Richard Mille,RM 35-03,RM 35-03 Rafael Nadal Skeleton Blue Quartz TPT White Strap Red Crown,Skeleton,Blue,Quartz TPT,Blue Quartz TPT,Strap,Rubber,Men,44,9,0,high,Richard Mille/RM 35-03/RM 35-03 Rafael Nadal Skeleton Blue Quartz TPT White Strap Red Crown,1JQT8T3OJ_BFNNBE.JPG;1JQT8T3P3_BFNNBE.JPG;1JQT8T3PD_BFNNBE.JPG;1JQT8T3PL_BFNNBE.JPG;1JQT8T3PS_BFNNBE.JPG;1JQT8T3Q3_BFNNBE.JPG;1JQT8T3QA_BFNNBE.JPG;1JQT8T3QH_BFNNBE.JPG;1JQT8T3QN_BFNNBE.JPG
Richard Mille,RM 35-03,White Quartz TPT Black Skeleton Dial Black Rubber Strap,Skeleton,White,Quartz TPT,White Quartz TPT,Strap,Rubber,Men,44,1,0,medium,Richard Mille/RM 35-03/White Quartz TPT Black Skeleton Dial Black Rubber Strap,1JPA54PBB_BFNNBE.JPG
Richard Mille,RM 56-02,Sapphire Transparent Case Skeleton Dial Black Rubber Strap,Skeleton,Transparent,Sapphire,Sapphire,Strap,Rubber,Men,44,1,0,low,Richard Mille/RM 56-02/Sapphire Transparent Case Skeleton Dial Black Rubber Strap,1JPA54PBH_BFNNBE.JPG
Richard Mille,RM 61-01,RM 61-01 White Skeleton Dial Ceramic Black Rubber Strap,Skeleton,White,Ceramic,White Ceramic,Strap,Rubber,Men,48,13,1,high,Richard Mille/RM 61-01/RM 61-01 White Skeleton Dial Ceramic Black Rubber Strap,1JPA2P3LP_BFNNBE.JPG;1JPA2P3M7_BFNNBE.JPG;1JPA2P3MJ_BFNNBE.JPG;1JPA2P3N0_BFNNBE.JPG;1JPA2P3NB_BFNNBE.JPG;1JPA2P3NO_BFNNBE.JPG;1JPA2P3O8_BFNNBE.JPG;1JPA2P3OS_BFNNBE.JPG;1JPA2P3P9_BFNNBE.JPG;1JPA2P3PN_BFNNBE.JPG;1JPA2P3Q0_BFNNBE.JPG;1JPA2P3QE_BFNNBE.JPG;1JPA2P3QS_BFNNBE.JPG;1JPA2P3T8_BFNNBE.MP4
Richard Mille,RM 65-01,RM 65-01 Mclaren Split-Seconds Chronograph Carbon Titanium Orange Accents Black Strap,Skeleton,Black,Carbon TPT,Fixed Titanium,Strap,Rubber,Men,44,9,0,high,Richard Mille/RM 65-01/RM 65-01 Mclaren Split-Seconds Chronograph Carbon Titanium Orange Accents Black Strap,1JPA3SQ8L_BFNNBE.JPG;1JPA3SQ8R_BFNNBE.JPG;1JPA3SQ91_BFNNBE.JPG;1JPA3SQ95_BFNNBE.JPG;1JPA3SQ9A_BFNNBE.JPG;1JPA3SQ9F_BFNNBE.JPG;1JPA3SQ9J_BFNNBE.JPG;1JPA3SQ9O_BFNNBE.JPG;1JPA3SQ9S_BFNNBE.JPG
Richard Mille,RM 67-01,RM 67-01 Extra Flat Skeleton Black Ceramic Black Rubber Strap,Skeleton,Black,Ceramic,Fixed,Strap,Rubber,Unisex,38,1,0,medium,Richard Mille/RM 67-01/RM 67-01 Extra Flat Skeleton Black Ceramic Black Rubber Strap,1JPA54P9G_BFNNBE.JPG
Richard Mille,RM 67-01,RM 67-01 Extra Flat Skeleton Rose Gold Black Rubber Strap,Skeleton,Rose Gold,Rose Gold,Fixed,Strap,Rubber,Unisex,38,1,0,medium,Richard Mille/RM 67-01/RM 67-01 Extra Flat Skeleton Rose Gold Black Rubber Strap,1JPA54P9A_BFNNBE.JPG
Richard Mille,RM 67-01,RM 67-01 Extra Flat Skeleton Rose Gold Black Rubber Strap,Skeleton,Rose Gold,Rose Gold,Fixed,Strap,Rubber,Unisex,38,1,0,medium,Richard Mille/RM 67-01/RM 67-01 Extra Flat Skeleton Rose Gold Black Rubber Strap 2,1JPA54P9P_BFNNBE.JPG
Richard Mille,RM 67-01,RM 67-01 Extra Flat Skeleton Titanium Black Rubber Strap,Skeleton,Grey,Titanium,Titanium,Strap,Rubber,Men,38,14,1,high,Richard Mille/RM 67-01/RM 67-01 Extra Flat Skeleton Titanium Black Rubber Strap,1JPA355AE_BFNNBE.JPG;1JPA355AP_BFNNBE.JPG;1JPA355B2_BFNNBE.JPG;1JPA355BA_BFNNBE.JPG;1JPA355BF_BFNNBE.JPG;1JPA355BK_BFNNBE.JPG;1JPA355BQ_BFNNBE.JPG;1JPA355BU_BFNNBE.JPG;1JPA355C3_BFNNBE.JPG;1JPA355C7_BFNNBE.JPG;1JPA355CG_BFNNBE.JPG;1JPA355CJ_BFNNBE.JPG;1JPA355CM_BFNNBE.JPG;1JPA355CP_BFNNBE.JPG;1JPA355CS_BFNNBE.MP4
Richard Mille,RM 67-01,RM 67-01 Extra Flat Skeleton Titanium Black Rubber Strap,Skeleton,Titanium,Titanium,Fixed,Strap,Rubber,Unisex,38,1,0,medium,Richard Mille/RM 67-01/RM 67-01 Extra Flat Skeleton Titanium Black Rubber Strap 2,1JPA54P9U_BFNNBE.JPG
Richard Mille,RM 67-01,RM 67-01 Extra Flat Skeleton White Quartz TPT White Rubber Strap,Skeleton,White,Quartz TPT,Fixed,Strap,Rubber,Unisex,38,2,0,medium,Richard Mille/RM 67-01/RM 67-01 Extra Flat Skeleton White Quartz TPT White Rubber Strap,1JPA54P8U_BFNNBE.JPG;1JPA54P93_BFNNBE.JPG
Richard Mille,RM 88,RM 88 Smiley Tourbillon White Ceramic Rose Gold Caseband,Skeleton,White,Ceramic,White Ceramic,Strap,Rubber,Men,50,17,1,high,Richard Mille/RM 88/RM 88 Smiley Tourbillon White Ceramic Rose Gold Caseband,1JPA36200_BFNNBE.JPG;1JPA3620A_BFNNBE.JPG;1JPA3620J_BFNNBE.JPG;1JPA3620Q_BFNNBE.JPG;1JPA3620V_BFNNBE.JPG;1JPA36215_BFNNBE.JPG;1JPA36219_BFNNBE.JPG;1JPA3621E_BFNNBE.JPG;1JPA3621I_BFNNBE.JPG;1JPA3621N_BFNNBE.JPG;1JPA3621R_BFNNBE.JPG;1JPA36220_BFNNBE.JPG;1JPA36223_BFNNBE.JPG;1JPA36227_BFNNBE.JPG;1JPA3622A_BFNNBE.JPG;1JPA3622D_BFNNBE.JPG;1JPA3622G_BFNNBE.JPG;1JPA3622K_BFNNBE.MP4
Richard Mille,RM 88,RM 88 Smiley White Ceramic Case Skeleton Art Dial Yellow Strap,Multicolor,White,Ceramic,Fixed Tonneau,Strap,Fabric,Unisex,48,1,0,low,Richard Mille/RM 88/RM 88 Smiley White Ceramic Case Skeleton Art Dial Yellow Strap,1JPA54PB2_BFNNBE.JPG
Roger Dubuis,Excalibur,Excalibur Skeleton Flying Tourbillon Steel Black Strap,Skeleton,Silver,Stainless Steel,Notched Steel,Strap,Leather,Men,42,2,0,high,Roger Dubuis/Excalibur/Excalibur Skeleton Flying Tourbillon Steel Black Strap,1JRK96188_90HD2R 2.JPG;1JRK96188_90HD2R.JPG
Rolex,Cellini,Cellini Moonphase White Dial Rose Gold Black Strap,White,Rose Gold,Rose Gold,Fluted,Strap,Leather,Men,39,1,0,high,Rolex/Cellini/Cellini Moonphase White Dial Rose Gold Black Strap,1JRK9619B_90HD2R.JPG
Rolex,Cellini,Cellini Moonphase White Dial Rose Gold Brown Strap,White,Rose Gold,Rose Gold,Domed Fluted,Strap,Leather,Men,39,1,0,high,Rolex/Cellini/Cellini Moonphase White Dial Rose Gold Brown Strap,1JRK9619F_90HD2R.JPG
Rolex,Cellini,Cellini Silver Guilloche Dial Steel Black Leather Strap,Silver,Silver,Stainless Steel,Polished Steel,Strap,Leather,Men,39,1,0,medium,Rolex/Cellini/Cellini Silver Guilloche Dial Steel Black Leather Strap,1JPF5VKI6_BFNNBE.JPG
Rolex,Cosmograph Daytona,Cosmograph Daytona Black Dial Black Bezel Steel,Black,Steel,Stainless Steel,Black Ceramic,Bracelet,Stainless Steel,Men,40,1,0,high,Rolex/Cosmograph Daytona/Cosmograph Daytona Black Dial Black Bezel Steel,1JPHNKTPE_BFNNBE.JPG
Rolex,Cosmograph Daytona,Cosmograph Daytona Green Dial Yellow Gold Tachymeter Bezel Oyster Bracelet,Green,Gold,Yellow Gold,Yellow Gold Tachymeter,Bracelet,Yellow Gold,Men,40,1,0,high,Rolex/Cosmograph Daytona/Cosmograph Daytona Green Dial Yellow Gold Tachymeter Bezel Oyster Bracelet,acc5c3a49960780ab70572a85fda5d.JPG
Rolex,Cosmograph Daytona,Cosmograph Daytona Platinum Ice Blue Dial Brown Bezel Bracelet,Ice Blue,Platinum,Platinum,Brown Ceramic Tachymeter,Bracelet,Platinum,Men,40,1,0,high,Rolex/Cosmograph Daytona/Cosmograph Daytona Platinum Ice Blue Dial Brown Bezel Bracelet,1JQ0RAP2K_BFNNBE.JPG
Rolex,Cosmograph Daytona,Cosmograph Daytona Steel Dial Black Bezel Rubber Strap,Steel Grey,Steel,Stainless Steel,Black Ceramic,Strap,Rubber,Men,40,1,0,high,Rolex/Cosmograph Daytona/Cosmograph Daytona Steel Dial Black Bezel Rubber Strap,1JPHNKTOV_BFNNBE.JPG
Rolex,Cosmograph Daytona,Cosmograph Daytona Steel Dial Black Ceramic Bezel Oysterflex Strap,Steel Grey,White,White Gold,Black Ceramic Tachymeter,Strap,Rubber,Men,40,16,0,high,Rolex/Cosmograph Daytona/Cosmograph Daytona Steel Dial Black Ceramic Bezel Oysterflex Strap,1JR7Q2221_BFNNBE.JPG;1JR7Q2228_BFNNBE.JPG;1JR7Q222E_BFNNBE.JPG;1JR7Q222K_BFNNBE.JPG;1JR7Q222Q_BFNNBE.JPG;1JR7Q222V_BFNNBE.JPG;1JR7Q2234_BFNNBE.JPG;1JR7Q2239_BFNNBE.JPG;1JR7Q223E_BFNNBE.JPG;1JR7Q223H_BFNNBE.JPG;1JR7Q223L_BFNNBE.JPG;1JR7Q223O_BFNNBE.JPG;1JR7Q223R_BFNNBE.JPG;1JR7Q223V_BFNNBE.JPG;1JR7Q2242_BFNNBE.JPG;1JR7Q2246_BFNNBE.JPG
Rolex,Cosmograph Daytona,Cosmograph Daytona Steel Gray Dial Black Ceramic Bezel Black Rubber Strap,Gray,Silver,Stainless Steel,Black Ceramic,Strap,Rubber,Men,40,1,0,high,Rolex/Cosmograph Daytona/Cosmograph Daytona Steel Gray Dial Black Ceramic Bezel Black Rubber Strap,1JPF5VKHM_BFNNBE.JPG
Rolex,Cosmograph Daytona,Cosmograph Daytona Turquoise Dial Yellow Gold Black Bezel Rubber Strap,Turquoise,Yellow Gold,Yellow Gold,Black Ceramic,Strap,Rubber,Men,40,1,0,high,Rolex/Cosmograph Daytona/Cosmograph Daytona Turquoise Dial Yellow Gold Black Bezel Rubber Strap,1JQ0RAP2P_BFNNBE.JPG
Rolex,Cosmograph Daytona,Cosmograph Daytona White Dial Black Bezel Steel,White,Steel,Stainless Steel,Black Ceramic,Bracelet,Stainless Steel,Men,40,1,0,high,Rolex/Cosmograph Daytona/Cosmograph Daytona White Dial Black Bezel Steel,1JPHNKTP7_BFNNBE.JPG
Rolex,Cosmograph Daytona,Cosmograph Daytona White Dial Black Bezel Steel,White,Silver,Stainless Steel,Black Ceramic Tachymeter,Bracelet,Stainless Steel,Men,40,1,0,high,Rolex/Cosmograph Daytona/Cosmograph Daytona White Dial Black Bezel Steel 2,1JPMUINNS_BFNNBE.JPG
Rolex,Cosmograph Daytona,Cosmograph Daytona White Dial Black Bezel Steel,White,Steel,Stainless Steel,Black Ceramic Tachymeter,Bracelet,Stainless Steel,Men,40,2,0,high,Rolex/Cosmograph Daytona/Cosmograph Daytona White Dial Black Bezel Steel 3,e95cea2177d74ebf8f0d4a1a78d176.JPG;edfb2617f313eb615e5c859d08eba5.JPG
Rolex,Cosmograph Daytona,Cosmograph Daytona White Dial Steel,White,Silver,Stainless Steel,Black Ceramic Tachymeter,Bracelet,Stainless Steel,Men,40,2,0,high,Rolex/Cosmograph Daytona/Cosmograph Daytona White Dial Steel,c4d20ec6d44264381cd6d4813752b9.JPG;c6b355cfc1f8e4219e50daf2263f2e.JPG
Rolex,Cosmograph Daytona,Cosmograph Daytona White Dial Steel Black Bezel,White,Silver,Stainless Steel,Black Ceramic,Bracelet,Stainless Steel,Men,40,1,0,high,Rolex/Cosmograph Daytona/Cosmograph Daytona White Dial Steel Black Bezel,17a4dcfd40a133440b91400d5874b0.JPG
Rolex,Cosmograph Daytona,Cosmograph Daytona White Dial Steel Black Ceramic Bezel,White,Steel,Stainless Steel,Black Ceramic Tachymeter,Bracelet,Stainless Steel,Men,40,1,0,high,Rolex/Cosmograph Daytona/Cosmograph Daytona White Dial Steel Black Ceramic Bezel,489fa5f967a62b3a2d5706059ddc61.JPG
Rolex,Cosmograph Daytona,Cosmograph Daytona White Dial Steel Black Ceramic Bezel Bracelet,White,Silver,Stainless Steel,Black Ceramic Tachymeter,Bracelet,Stainless Steel,Men,40,1,0,high,Rolex/Cosmograph Daytona/Cosmograph Daytona White Dial Steel Black Ceramic Bezel Bracelet,8cb75c6e699e88dcd3582cd8849ee5.JPG
Rolex,Cosmograph Daytona,Cosmograph Daytona White Dial Steel Black Ceramic Bezel Bracelet,White,Silver,Stainless Steel,Black Ceramic Tachymeter,Bracelet,Stainless Steel,Men,40,1,0,high,Rolex/Cosmograph Daytona/Cosmograph Daytona White Dial Steel Black Ceramic Bezel Bracelet 2,954f352b2e27dd6ecad0dd2f001838.JPG
Rolex,Cosmograph Daytona,Cosmograph Daytona White Panda Dial Steel Black Ceramic Bezel,White,Steel,Stainless Steel,Black Ceramic Tachymeter,Bracelet,Stainless Steel,Men,40,1,0,high,Rolex/Cosmograph Daytona/Cosmograph Daytona White Panda Dial Steel Black Ceramic Bezel,319369a85032042234df94c188d837.JPG
Rolex,Datejust,Datejust 41 Blue Roman Dial Steel Fluted Bezel Jubilee Bracelet,Blue,Steel,Stainless Steel,White Gold Fluted,Bracelet,Stainless Steel,Men,41,1,0,high,Rolex/Datejust/Datejust 41 Blue Roman Dial Steel Fluted Bezel Jubilee Bracelet,IMG_0696.WEBP;IMG_0605.HEIC
Rolex,Datejust,Datejust Black Diamond Dial Steel Fluted Bezel Oyster Bracelet,Black,Steel And White Gold,Stainless Steel,Fluted White Gold,Bracelet,Stainless Steel,Men,36,1,0,high,Rolex/Datejust/Datejust Black Diamond Dial Steel Fluted Bezel Oyster Bracelet,1JQ0RAP4A_BFNNBE.JPG
Rolex,Datejust,Datejust Blue Dial Steel Fluted Bezel Jubilee Bracelet,Blue,Silver,Stainless Steel,White Gold Fluted,Bracelet,Stainless Steel,Unisex,36,1,0,high,Rolex/Datejust/Datejust Blue Dial Steel Fluted Bezel Jubilee Bracelet,1JQ0RAP4K_BFNNBE.JPG
Rolex,Datejust,Datejust Blue Diamond Dial Steel Fluted Bezel Oyster Bracelet,Blue,Steel And White Gold,Stainless Steel,Fluted White Gold,Bracelet,Stainless Steel,Men,36,1,0,high,Rolex/Datejust/Datejust Blue Diamond Dial Steel Fluted Bezel Oyster Bracelet,1JQ0RAP4G_BFNNBE.JPG
Rolex,Datejust,Datejust Blue Fluted Motif Dial Steel Fluted Bezel Jubilee Bracelet,Blue,Silver,Stainless Steel,White Gold Fluted,Bracelet,Stainless Steel,Men,41,1,0,high,Rolex/Datejust/Datejust Blue Fluted Motif Dial Steel Fluted Bezel Jubilee Bracelet,1JQ0RAP4T_BFNNBE.JPG
Rolex,Datejust,Datejust Blue Roman Dial Steel Fluted Bezel Jubilee Bracelet,Blue,Silver,Stainless Steel,White Gold Fluted,Bracelet,Stainless Steel,Men,41,1,0,high,Rolex/Datejust/Datejust Blue Roman Dial Steel Fluted Bezel Jubilee Bracelet,1JQ0RAP4Q_BFNNBE.JPG
Rolex,Datejust,Datejust Chocolate Dial Steel And Rose Gold Fluted Bezel Jubilee,Brown,Steel And Rose Gold,Stainless Steel And Rose Gold,Fluted Rose Gold,Bracelet,Stainless Steel And Rose Gold,Women,31,1,0,high,Rolex/Datejust/Datejust Chocolate Dial Steel And Rose Gold Fluted Bezel Jubilee,1JQ0RAP2U_BFNNBE.JPG
Rolex,Datejust,Datejust Green Dial Steel Fluted Bezel Jubilee Bracelet,Green,Silver,Stainless Steel,Fluted,Bracelet,Stainless Steel,Men,41,1,0,high,Rolex/Datejust/Datejust Green Dial Steel Fluted Bezel Jubilee Bracelet,8450182fa61a586670bbf4bc13df7f.JPG
Rolex,Datejust,Datejust Green Fluted Motif Dial Steel Fluted Bezel Jubilee Bracelet,Green,Silver,Stainless Steel,White Gold Fluted,Bracelet,Stainless Steel,Men,41,1,0,high,Rolex/Datejust/Datejust Green Fluted Motif Dial Steel Fluted Bezel Jubilee Bracelet,1JQ0RAP50_BFNNBE.JPG
Rolex,Datejust,Datejust Green Palm Motif Diamond Dial Steel Fluted Bezel Jubilee Bracelet,Green,Silver,Stainless Steel,White Gold Fluted,Bracelet,Stainless Steel,Unisex,36,1,0,high,Rolex/Datejust/Datejust Green Palm Motif Diamond Dial Steel Fluted Bezel Jubilee Bracelet,1JQ0RAP4D_BFNNBE.JPG
Rolex,Datejust,Datejust Olive Green Palm Motif Dial Steel Fluted Bezel Oyster Bracelet,Olive Green,Steel And White Gold,Stainless Steel,Fluted White Gold,Bracelet,Stainless Steel,Men,36,1,0,high,Rolex/Datejust/Datejust Olive Green Palm Motif Dial Steel Fluted Bezel Oyster Bracelet,1JQ0RAP46_BFNNBE.JPG
Rolex,Datejust,Datejust Rhodium Dial Fluted Bezel Jubilee,Rhodium Grey,Steel,Stainless Steel,Fluted White Gold,Bracelet,Stainless Steel,Men,41,1,0,high,Rolex/Datejust/Datejust Rhodium Dial Fluted Bezel Jubilee,1JPHNKTPK_BFNNBE.JPG
Rolex,Datejust,Datejust Silver Honeycomb Dial Fluted Bezel Jubilee,Silver,Silver,Stainless Steel,Fluted,Bracelet,Stainless Steel,Unisex,36,1,0,high,Rolex/Datejust/Datejust Silver Honeycomb Dial Fluted Bezel Jubilee,1JRK96197_90HD2R.JPG
Rolex,Datejust,Datejust Slate Wimbledon Dial Steel Fluted Bezel Oyster Bracelet,Slate Grey,Steel And White Gold,Stainless Steel,Fluted White Gold,Bracelet,Stainless Steel,Men,36,1,0,high,Rolex/Datejust/Datejust Slate Wimbledon Dial Steel Fluted Bezel Oyster Bracelet,1JQ0RAP43_BFNNBE.JPG
Rolex,Datejust,Datejust Two Tone Steel Rose Gold Brown Computer Diamond Dial Fluted Bezel Oyster Bracelet,Brown,Two-Tone Steel and Rose Gold,Stainless Steel and Rose Gold,Fluted Rose Gold,Bracelet,Stainless Steel and Rose Gold,Unisex,36,1,0,high,Rolex/Datejust/Datejust Two Tone Steel Rose Gold Brown Computer Diamond Dial Fluted Bezel Oyster Bracelet,1JPF5VKI0_BFNNBE.JPG
Rolex,Datejust,Datejust White Mother Of Pearl Diamond Dial Fluted Bezel Steel Jubilee Bracelet,White Mother Of Pearl,Silver,Stainless Steel,Fluted White Gold,Bracelet,Stainless Steel,Women,31,1,0,high,Rolex/Datejust/Datejust White Mother Of Pearl Diamond Dial Fluted Bezel Steel Jubilee Bracelet,1JPF5VKHT_BFNNBE.JPG
Rolex,Datejust,Datejust White Mother Of Pearl Diamond Dial Fluted Bezel Steel Oyster Bracelet,White Mother Of Pearl,Silver,Stainless Steel,Fluted White Gold,Bracelet,Stainless Steel,Women,31,1,0,high,Rolex/Datejust/Datejust White Mother Of Pearl Diamond Dial Fluted Bezel Steel Oyster Bracelet,1JPF5VKHP_BFNNBE.JPG
Rolex,Datejust,Datejust White Roman Dial Steel Fluted Bezel Jubilee Bracelet,White,Silver,Stainless Steel,White Gold Fluted,Bracelet,Stainless Steel,Men,41,1,0,high,Rolex/Datejust/Datejust White Roman Dial Steel Fluted Bezel Jubilee Bracelet,1JQ0RAP4M_BFNNBE.JPG
Rolex,Day-Date,Day-Date 40 Blue Dial White Gold Fluted Bezel President Bracelet,Blue,White Gold,White Gold,Fluted White Gold,Bracelet,White Gold,Men,40,10,0,high,Rolex/Day-Date/Day-Date 40 Blue Dial White Gold Fluted Bezel President Bracelet,IMG_0729.JPG;IMG_0730.JPG;IMG_0731.JPG;IMG_0732.JPG;IMG_0733.JPG;IMG_0734.JPG;IMG_0735.JPG;IMG_0736.JPG;IMG_0737.JPG;IMG_0738.JPG;IMG_0704.HEIC
Rolex,Day-Date,Day-Date Blue Dial White Gold Fluted Bezel President Bracelet,Blue,White Gold,White Gold,Fluted White Gold,Bracelet,White Gold,Men,40,1,0,high,Rolex/Day-Date/Day-Date Blue Dial White Gold Fluted Bezel President Bracelet,46bd66cd9c04caf2c102f71e41946b.JPG
Rolex,Day-Date,Day-Date Blue Roman Dial White Gold Fluted Bezel President Bracelet,Blue,White,White Gold,Fluted White Gold,Bracelet,White Gold,Men,40,1,0,high,Rolex/Day-Date/Day-Date Blue Roman Dial White Gold Fluted Bezel President Bracelet,IMG_1175.JPG
Rolex,Day-Date,Day-Date Champagne Roman Dial Yellow Gold Fluted Bezel President Bracelet,Champagne,Gold,Yellow Gold,Fluted Yellow Gold,Bracelet,Yellow Gold,Men,40,1,0,high,Rolex/Day-Date/Day-Date Champagne Roman Dial Yellow Gold Fluted Bezel President Bracelet,IMG_1177.JPG;IMG_1185.HEIC;IMG_1232.HEIC;IMG_1233.HEIC;IMG_1279.HEIC;IMG_1280.HEIC;IMG_1285.HEIC
Rolex,Day-Date,Day-Date Chocolate Dial Rose Gold President,Chocolate Brown,Rose Gold,Rose Gold,Fluted Rose Gold,Bracelet,Rose Gold,Men,40,1,0,high,Rolex/Day-Date/Day-Date Chocolate Dial Rose Gold President,1JPHNKTPR_BFNNBE.JPG
Rolex,Day-Date,Day-Date Everose Gold Chocolate Diamond Dial Fluted Bezel President Bracelet,Brown,Rose Gold,Rose Gold,Fluted Rose Gold,Bracelet,Rose Gold,Men,40,1,0,high,Rolex/Day-Date/Day-Date Everose Gold Chocolate Diamond Dial Fluted Bezel President Bracelet,1JPF5VKI3_BFNNBE.JPG
Rolex,Day-Date,Day-Date Ice Blue Diamond Dial Platinum Fluted Bezel President Bracelet,Ice Blue,Silver,Platinum,Fluted Platinum,Bracelet,Platinum,Men,40,1,0,high,Rolex/Day-Date/Day-Date Ice Blue Diamond Dial Platinum Fluted Bezel President Bracelet,IMG_1174.JPG
Rolex,Day-Date,Day-Date Meteorite Dial Fluted Bezel Diamond Markers President Bracelet,Meteorite,White Gold,White Gold,Fluted,Bracelet,White Gold,Men,40,10,0,high,Rolex/Day-Date/Day-Date Meteorite Dial Fluted Bezel Diamond Markers President Bracelet,1JQQRFIOL_BFNNBE.JPG;1JQQRFIOQ_BFNNBE.JPG;1JQQRFIOU_BFNNBE.JPG;1JQQRFIP3_BFNNBE.JPG;1JQQRFIP8_BFNNBE.JPG;1JQQRFIPB_BFNNBE.JPG;1JQQRFIPE_BFNNBE.JPG;1JQQRFIPH_BFNNBE.JPG;1JQQRFIPK_BFNNBE.JPG;1JQQRFIPN_BFNNBE.JPG
Rolex,Day-Date,Day-Date Mother Of Pearl Diamond Dial Yellow Gold Fluted Bezel President Bracelet,Mother Of Pearl,Gold,Yellow Gold,Fluted Yellow Gold,Bracelet,Yellow Gold,Men,40,1,0,high,Rolex/Day-Date/Day-Date Mother Of Pearl Diamond Dial Yellow Gold Fluted Bezel President Bracelet,IMG_1176.JPG
Rolex,Day-Date,Day-Date Platinum Ice Blue Diamond Dial Fluted Bezel President Bracelet,Ice Blue,Platinum,Platinum,Fluted,Bracelet,Platinum,Men,40,1,0,medium,Rolex/Day-Date/Day-Date Platinum Ice Blue Diamond Dial Fluted Bezel President Bracelet,1JRI2STS2_BFNNBE.JPG
Rolex,Day-Date,Day-Date Rose Gold White Mother Of Pearl Diamond Dial Fluted Bezel President Bracelet,White Mother Of Pearl,Rose Gold,Rose Gold,Fluted,Bracelet,Rose Gold,Men,40,1,0,high,Rolex/Day-Date/Day-Date Rose Gold White Mother Of Pearl Diamond Dial Fluted Bezel President Bracelet,1JRI2STQK_BFNNBE.JPG
Rolex,Day-Date,Day-Date Silver Diamond Dial White Gold Fluted Bezel President Bracelet,Silver,White Gold,White Gold,Fluted White Gold,Bracelet,White Gold,Men,40,1,0,high,Rolex/Day-Date/Day-Date Silver Diamond Dial White Gold Fluted Bezel President Bracelet,26e15307-ea45-4978-a133-731058a09d44.JPG
Rolex,Day-Date,Day-Date White Gold Blue Roman Dial Fluted Bezel President Bracelet,Blue,White Gold,White Gold,Fluted,Bracelet,White Gold,Men,40,1,0,high,Rolex/Day-Date/Day-Date White Gold Blue Roman Dial Fluted Bezel President Bracelet,1JRI2STRM_BFNNBE.JPG
Rolex,Day-Date,Day-Date White Gold Silver Diamond Dial Fluted Bezel President Bracelet,Silver,White Gold,White Gold,Fluted,Bracelet,White Gold,Men,40,1,0,high,Rolex/Day-Date/Day-Date White Gold Silver Diamond Dial Fluted Bezel President Bracelet,1JRI2STRS_BFNNBE.JPG
Rolex,Day-Date,Day-Date Yellow Gold Champagne Roman Dial Fluted Bezel President Bracelet,Champagne,Yellow Gold,Yellow Gold,Fluted,Bracelet,Yellow Gold,Men,40,1,0,high,Rolex/Day-Date/Day-Date Yellow Gold Champagne Roman Dial Fluted Bezel President Bracelet,1JRI2STR1_BFNNBE.JPG
Rolex,Day-Date,Day-Date Yellow Gold Mother Of Pearl Diamond Dial Fluted Bezel President Bracelet,Mother Of Pearl,Yellow Gold,Yellow Gold,Fluted,Bracelet,Yellow Gold,Men,40,1,0,high,Rolex/Day-Date/Day-Date Yellow Gold Mother Of Pearl Diamond Dial Fluted Bezel President Bracelet,1JRI2STRC_BFNNBE.JPG
Rolex,GMT-Master II,GMT-Master II Black Dial Black Gray Ceramic Bezel Steel Jubilee Bracelet,Black,Silver,Stainless Steel,Black and Gray Ceramic,Bracelet,Stainless Steel,Men,40,2,0,high,Rolex/GMT-Master II/GMT-Master II Black Dial Black Gray Ceramic Bezel Steel Jubilee Bracelet,1JPHNKTNK_BFNNBE 2.JPG;1JPHNKTNK_BFNNBE.JPG
Rolex,GMT-Master II,Gmt-Master II Batman Blue Black Bezel Black Dial Jubilee,Black,Silver,Stainless Steel,Blue And Black Ceramic,Bracelet,Stainless Steel,Men,40,1,0,high,Rolex/GMT-Master II/Gmt-Master II Batman Blue Black Bezel Black Dial Jubilee,1JPMUINN7_BFNNBE.JPG
Rolex,GMT-Master II,Gmt-Master II Black Dial Black Bezel Steel Jubilee,Black,Silver,Stainless Steel,Black Ceramic,Bracelet,Stainless Steel,Men,40,1,0,high,Rolex/GMT-Master II/Gmt-Master II Black Dial Black Bezel Steel Jubilee,1JPMUINMK_BFNNBE.JPG
Rolex,Land-Dweller,Land-Dweller Silver Honeycomb Dial Two Tone Everose Jubilee Bracelet,Silver,Two Tone,Steel and Rose Gold,Smooth Rose Gold,Bracelet,Steel and Rose Gold,Men,40,1,0,medium,Rolex/Land-Dweller/Land-Dweller Silver Honeycomb Dial Two Tone Everose Jubilee Bracelet,41f8c86db26921c0b8de0b53de04ac.JPG
Rolex,Land-Dweller,Land-Dweller White Honeycomb Dial Rose Gold Fluted Bezel,White,Rose Gold,Rose Gold,Rose Gold Fluted,Bracelet,Rose Gold,Men,40,1,0,medium,Rolex/Land-Dweller/Land-Dweller White Honeycomb Dial Rose Gold Fluted Bezel,1JPMUINOD_BFNNBE.JPG
Rolex,Land-Dweller,Land-Dweller White Honeycomb Dial Steel Fluted Bezel,White,Silver,Stainless Steel,White Gold Fluted,Bracelet,Stainless Steel,Men,40,1,0,medium,Rolex/Land-Dweller/Land-Dweller White Honeycomb Dial Steel Fluted Bezel,1JPMUINO6_BFNNBE.JPG
Rolex,Milgauss,Milgauss Blue Dial Steel Green Crystal Oyster Bracelet,Blue,Steel,Stainless Steel,Smooth Steel,Bracelet,Stainless Steel,Men,40,1,0,high,Rolex/Milgauss/Milgauss Blue Dial Steel Green Crystal Oyster Bracelet,1JQ0RAP3S_BFNNBE.JPG
Rolex,Milgauss,Milgauss Z-Blue Dial Steel Green Crystal Orange Lightning Hand Oyster Bracelet,Blue,Steel,Stainless Steel,Smooth Steel,Bracelet,Stainless Steel,Men,40,1,0,high,Rolex/Milgauss/Milgauss Z-Blue Dial Steel Green Crystal Orange Lightning Hand Oyster Bracelet,IMG_0701.JPG;IMG_0703.HEIC
Rolex,Oyster Perpetual,Oyster Perpetual Green Dial Steel Smooth Bezel Oyster Bracelet,Green,Steel,Stainless Steel,Smooth Steel,Bracelet,Stainless Steel,Unisex,41,1,0,high,Rolex/Oyster Perpetual/Oyster Perpetual Green Dial Steel Smooth Bezel Oyster Bracelet,1JQ0RAP40_BFNNBE.JPG
Rolex,Oyster Perpetual,Oyster Perpetual Mint Green Dial Steel Smooth Bezel Oyster Bracelet,Mint Green,Steel,Stainless Steel,Smooth Steel,Bracelet,Stainless Steel,Unisex,36,1,0,high,Rolex/Oyster Perpetual/Oyster Perpetual Mint Green Dial Steel Smooth Bezel Oyster Bracelet,1JQ0RAP37_BFNNBE.JPG
Rolex,Oyster Perpetual,Oyster Perpetual Mint Green Dial Steel Smooth Bezel Oyster Bracelet,Mint Green,Steel,Stainless Steel,Smooth Steel,Bracelet,Stainless Steel,Unisex,41,1,0,high,Rolex/Oyster Perpetual/Oyster Perpetual Mint Green Dial Steel Smooth Bezel Oyster Bracelet 2,1JQ0RAP3O_BFNNBE.JPG
Rolex,Oyster Perpetual,Oyster Perpetual Silver Dial Steel,Silver,Silver,Stainless Steel,Smooth,Bracelet,Stainless Steel,Unisex,36,1,0,high,Rolex/Oyster Perpetual/Oyster Perpetual Silver Dial Steel,1JRK96192_90HD2R.JPG
Rolex,Oyster Perpetual,Oyster Perpetual Silver Dial Steel Smooth Bezel Oyster Bracelet,Silver,Steel,Stainless Steel,Smooth Steel,Bracelet,Stainless Steel,Unisex,36,1,0,high,Rolex/Oyster Perpetual/Oyster Perpetual Silver Dial Steel Smooth Bezel Oyster Bracelet,1JQ0RAP3G_BFNNBE.JPG
Rolex,Oyster Perpetual,Oyster Perpetual Turquoise Dial Steel Smooth Bezel Oyster Bracelet,Turquoise,Steel,Stainless Steel,Smooth Steel,Bracelet,Stainless Steel,Unisex,36,1,0,high,Rolex/Oyster Perpetual/Oyster Perpetual Turquoise Dial Steel Smooth Bezel Oyster Bracelet,1JQ0RAP3K_BFNNBE.JPG
Rolex,Oyster Perpetual,Oyster Perpetual White Dial Steel Smooth Bezel Oyster Bracelet,White,Steel,Stainless Steel,Smooth Steel,Bracelet,Stainless Steel,Unisex,36,1,0,high,Rolex/Oyster Perpetual/Oyster Perpetual White Dial Steel Smooth Bezel Oyster Bracelet,1JQ0RAP33_BFNNBE.JPG
Rolex,Oyster Perpetual,Oyster Perpetual Yellow Dial Steel Smooth Bezel Oyster Bracelet,Yellow,Steel,Stainless Steel,Smooth Steel,Bracelet,Stainless Steel,Unisex,36,1,0,high,Rolex/Oyster Perpetual/Oyster Perpetual Yellow Dial Steel Smooth Bezel Oyster Bracelet,1JQ0RAP3C_BFNNBE.JPG
Rolex,Sky-Dweller,Sky-Dweller Blue Dial Steel Fluted Bezel,Blue,Silver,Stainless Steel,Fluted White Gold,Bracelet,Stainless Steel,Men,42,1,0,high,Rolex/Sky-Dweller/Sky-Dweller Blue Dial Steel Fluted Bezel,02649df4c3745f1c790ee32906188b.JPG
Rolex,Sky-Dweller,Sky-Dweller Purple Dial White Gold Fluted Bezel,Purple,Silver,White Gold,Fluted,Bracelet,White Gold,Men,42,1,0,medium,Rolex/Sky-Dweller/Sky-Dweller Purple Dial White Gold Fluted Bezel,1ae866b7-d754-42e4-8d00-d86cd4a4d066.JPG
Rolex,Submariner,Submariner Date Black Dial Black Bezel Steel,Black,Silver,Stainless Steel,Black Ceramic,Bracelet,Stainless Steel,Men,40,1,0,high,Rolex/Submariner/Submariner Date Black Dial Black Bezel Steel,d64e3751d67970780a0148ab9f0ff7.JPG
Rolex,Submariner,Submariner Date Black Dial Black Bezel Steel Oyster Bracelet,Black,Silver,Stainless Steel,Black Ceramic,Bracelet,Stainless Steel,Men,41,1,0,high,Rolex/Submariner/Submariner Date Black Dial Black Bezel Steel Oyster Bracelet,1JPHNKTNV_BFNNBE.JPG
Rolex,Submariner,Submariner Date Black Dial Black Bezel Steel Oyster Bracelet,Black,Silver,Stainless Steel,Black Ceramic,Bracelet,Stainless Steel,Men,41,1,0,high,Rolex/Submariner/Submariner Date Black Dial Black Bezel Steel Oyster Bracelet 2,a2bd4346bd73c4d1171ce2159e955e.JPG
Rolex,Submariner,Submariner Date Black Dial Green Bezel Steel Oyster Bracelet,Black,Silver,Stainless Steel,Green Ceramic,Bracelet,Stainless Steel,Men,41,1,0,high,Rolex/Submariner/Submariner Date Black Dial Green Bezel Steel Oyster Bracelet,1JPHNKTO8_BFNNBE.JPG
Rolex,Submariner,Submariner Date Green Bezel Black Dial Steel,Black,Silver,Stainless Steel,Green Ceramic,Bracelet,Stainless Steel,Men,41,1,0,high,Rolex/Submariner/Submariner Date Green Bezel Black Dial Steel,1JPMUINNI_BFNNBE.JPG
Rolex,Submariner,Submariner No Date Black Dial Black Bezel Steel Bracelet,Black,Silver,Stainless Steel,Black Ceramic,Bracelet,Stainless Steel,Men,41,1,0,high,Rolex/Submariner/Submariner No Date Black Dial Black Bezel Steel Bracelet,1JPF5VKHJ_BFNNBE.JPG
Rolex,Yacht-Master,Yacht-Master Black Dial Black Bezel Steel Rubber Strap,Black,Silver,Stainless Steel,Black Ceramic,Strap,Rubber,Men,40,1,0,high,Rolex/Yacht-Master/Yacht-Master Black Dial Black Bezel Steel Rubber Strap,e510cc6b38d0be6214e219255e47e4.JPG
Rolex,Yacht-Master,Yacht-Master Black Dial Black Ceramic Bezel Black Rubber Strap,Black,Silver,Stainless Steel,Black Ceramic,Strap,Rubber,Men,42,1,0,high,Rolex/Yacht-Master/Yacht-Master Black Dial Black Ceramic Bezel Black Rubber Strap,1JPF5VKHG_BFNNBE.JPG
Rolex,Yacht-Master,Yacht-Master Black Dial Ceramic Bezel Rubber Strap,Black,Steel,Stainless Steel,Black Ceramic,Strap,Rubber,Men,42,1,0,high,Rolex/Yacht-Master/Yacht-Master Black Dial Ceramic Bezel Rubber Strap,1JPHNKTON_BFNNBE.JPG
Rolex,Yacht-Master,Yacht-Master Rhodium Dial Platinum Bezel Steel,Rhodium Grey,Steel,Stainless Steel,Platinum,Bracelet,Stainless Steel,Men,40,1,0,high,Rolex/Yacht-Master/Yacht-Master Rhodium Dial Platinum Bezel Steel,1JPHNKTOG_BFNNBE.JPG
Vacheron Constantin,Overseas,Overseas Champagne Dial Yellow Gold Bracelet,Champagne,Gold,Yellow Gold,Smooth Gold,Bracelet,Yellow Gold,Men,37,1,0,medium,Vacheron Constantin/Overseas/Overseas Champagne Dial Yellow Gold Bracelet,1JPF5VKG7_BFNNBE.JPG
Vacheron Constantin,Overseas,Overseas Chronograph Silver Dial Rose Gold Rubber Strap,Silver,Rose Gold,Rose Gold,Rose Gold,Strap,Rubber,Men,42,1,0,high,Vacheron Constantin/Overseas/Overseas Chronograph Silver Dial Rose Gold Rubber Strap,4078248c-b67b-4026-811b-429e4b1afc5f.JPG
Vacheron Constantin,Overseas Chronograph,Overseas Chronograph Black Dial Stainless Steel,Black,Silver,Stainless Steel,Fixed Steel,Bracelet,Stainless Steel,Men,42,1,0,high,Vacheron Constantin/Overseas Chronograph/Overseas Chronograph Black Dial Stainless Steel,IMG_0310.JPG
Vacheron Constantin,Overseas Chronograph,Overseas Chronograph Blue Dial Stainless Steel,Blue,Silver,Stainless Steel,Fixed Steel,Bracelet,Stainless Steel,Men,42,1,0,high,Vacheron Constantin/Overseas Chronograph/Overseas Chronograph Blue Dial Stainless Steel,IMG_0311.JPG
Vacheron Constantin,Overseas Chronograph,Overseas Chronograph Green Dial Stainless Steel,Green,Silver,Stainless Steel,Fixed Steel,Bracelet,Stainless Steel,Men,42,1,0,high,Vacheron Constantin/Overseas Chronograph/Overseas Chronograph Green Dial Stainless Steel,IMG_0314.JPG
Vacheron Constantin,Overseas Chronograph,Overseas Chronograph White Dial Stainless Steel,White,Silver,Stainless Steel,Fixed Steel,Bracelet,Stainless Steel,Men,42,2,0,high,Vacheron Constantin/Overseas Chronograph/Overseas Chronograph White Dial Stainless Steel,IMG_0307.JPG;IMG_0308.JPG
Vacheron Constantin,Overseas Dual Time,Overseas Dual Time Black Dial Stainless Steel,Black,Silver,Stainless Steel,Fixed Steel,Bracelet,Stainless Steel,Men,41,1,0,high,Vacheron Constantin/Overseas Dual Time/Overseas Dual Time Black Dial Stainless Steel,IMG_0312.JPG
Vacheron Constantin,Overseas Dual Time,Overseas Dual Time Blue Dial Stainless Steel,Blue,Silver,Stainless Steel,Fixed Steel,Bracelet,Stainless Steel,Men,41,1,0,high,Vacheron Constantin/Overseas Dual Time/Overseas Dual Time Blue Dial Stainless Steel,IMG_0313.JPG
Vacheron Constantin,Overseas Dual Time,Overseas Dual Time Silver Dial Stainless Steel,Silver,Silver,Stainless Steel,Fixed Steel,Bracelet,Stainless Steel,Men,41,1,0,high,Vacheron Constantin/Overseas Dual Time/Overseas Dual Time Silver Dial Stainless Steel,IMG_0309.JPG
