folder,brand,model,watch_name,gender,dial_color,dial_style,case_material,strap_type,strap_material,bezel,complication_style,size_bucket,num_photos,all_tags
Audemars Piguet/Code 11.59/Code 11.59 Blue Dial Rose Gold Blue Leather Strap,Audemars Piguet,Code 11.59,Code 11.59 Blue Dial Rose Gold Blue Leather Strap,Men,Blue,,Rose Gold,Strap,Leather,Ceramic Bezel,,Large (41-43mm),1,Audemars Piguet;Code 11.59;Men;Blue;Rose Gold;Strap;Leather;Ceramic Bezel;Large (41-43mm)
Audemars Piguet/Royal Oak/Royal Oak Black Dial Steel Bracelet,Audemars Piguet,Royal Oak,Royal Oak Black Dial Steel Bracelet,Men,Black,,Stainless Steel,Bracelet,Steel,Octagonal Bezel,Integrated Bracelet Sport,Large (41-43mm),1,Audemars Piguet;Royal Oak;Men;Black;Stainless Steel;Bracelet;Steel;Octagonal Bezel;Integrated Bracelet Sport;Large (41-43mm)
Audemars Piguet/Royal Oak/Royal Oak Blue Dial Steel Bracelet,Audemars Piguet,Royal Oak,Royal Oak Blue Dial Steel Bracelet,Men,Blue,,Stainless Steel,Bracelet,Steel,Octagonal Bezel,Integrated Bracelet Sport,Large (41-43mm),1,Audemars Piguet;Royal Oak;Men;Blue;Stainless Steel;Bracelet;Steel;Octagonal Bezel;Integrated Bracelet Sport;Large (41-43mm)
Audemars Piguet/Royal Oak/Royal Oak Blue Dial Steel Diamond Bezel,Audemars Piguet,Royal Oak,Royal Oak Blue Dial Steel Diamond Bezel,Women,Blue,Diamond Markers,Stainless Steel,Bracelet,Steel,Diamond Bezel,Diamond-Set;Integrated Bracelet Sport,Mid (33-36mm),1,Audemars Piguet;Royal Oak;Women;Blue;Diamond Markers;Stainless Steel;Bracelet;Steel;Diamond Bezel;Diamond-Set;Integrated Bracelet Sport;Mid (33-36mm)
Audemars Piguet/Royal Oak/Royal Oak Blue Dial Steel Smooth Bezel,Audemars Piguet,Royal Oak,Royal Oak Blue Dial Steel Smooth Bezel,Men,Blue,,Stainless Steel,Bracelet,Steel,,Integrated Bracelet Sport,Large (41-43mm),1,Audemars Piguet;Royal Oak;Men;Blue;Stainless Steel;Bracelet;Steel;Integrated Bracelet Sport;Large (41-43mm)
Audemars Piguet/Royal Oak/Royal Oak Blue Tapisserie Dial Steel Octagonal Bezel Integrated Bracelet,Audemars Piguet,Royal Oak,Royal Oak Blue Tapisserie Dial Steel Octagonal Bezel Integrated Bracelet,Men,Blue,Tapisserie,Stainless Steel,Bracelet,Steel,Octagonal Bezel,Integrated Bracelet Sport,Large (41-43mm),1,Audemars Piguet;Royal Oak;Men;Blue;Tapisserie;Stainless Steel;Bracelet;Steel;Octagonal Bezel;Integrated Bracelet Sport;Large (41-43mm)
Audemars Piguet/Royal Oak/Royal Oak Blue Tapisserie Dial Steel Octagonal Bezel Integrated Bracelet 2,Audemars Piguet,Royal Oak,Royal Oak Blue Tapisserie Dial Steel Octagonal Bezel Integrated Bracelet,Men,Blue,Tapisserie,Stainless Steel,Bracelet,Steel,Octagonal Bezel,Integrated Bracelet Sport,Large (41-43mm),16,Audemars Piguet;Royal Oak;Men;Blue;Tapisserie;Stainless Steel;Bracelet;Steel;Octagonal Bezel;Integrated Bracelet Sport;Large (41-43mm)
Audemars Piguet/Royal Oak/Royal Oak Chronograph Blue Dial Steel Sapphire Set Bezel Bracelet,Audemars Piguet,Royal Oak,Royal Oak Chronograph Blue Dial Steel Sapphire Set Bezel Bracelet,Men,Blue,,Stainless Steel,Bracelet,Steel,,Chronograph;Integrated Bracelet Sport,Large (41-43mm),19,Audemars Piguet;Royal Oak;Men;Blue;Stainless Steel;Bracelet;Steel;Chronograph;Integrated Bracelet Sport;Large (41-43mm)
Audemars Piguet/Royal Oak/Royal Oak Frosted Rose Gold Pink Dial,Audemars Piguet,Royal Oak,Royal Oak Frosted Rose Gold Pink Dial,Women,Pink,,Rose Gold,Bracelet,Rose Gold,Octagonal Bezel,Integrated Bracelet Sport,Mid (33-36mm),1,Audemars Piguet;Royal Oak;Women;Pink;Rose Gold;Bracelet;Octagonal Bezel;Integrated Bracelet Sport;Mid (33-36mm)
Audemars Piguet/Royal Oak/Royal Oak Frosted White Gold Silver Dial,Audemars Piguet,Royal Oak,Royal Oak Frosted White Gold Silver Dial,Women,Silver,,White Gold,Bracelet,White Gold,Octagonal Bezel,Integrated Bracelet Sport,Mid (33-36mm),1,Audemars Piguet;Royal Oak;Women;Silver;White Gold;Bracelet;Octagonal Bezel;Integrated Bracelet Sport;Mid (33-36mm)
Audemars Piguet/Royal Oak/Royal Oak Frosted Yellow Gold Champagne Dial,Audemars Piguet,Royal Oak,Royal Oak Frosted Yellow Gold Champagne Dial,Women,Gold,,Yellow Gold,Bracelet,Yellow Gold,Octagonal Bezel,Integrated Bracelet Sport,Mid (33-36mm),1,Audemars Piguet;Royal Oak;Women;Gold;Yellow Gold;Bracelet;Octagonal Bezel;Integrated Bracelet Sport;Mid (33-36mm)
Audemars Piguet/Royal Oak/Royal Oak Green Dial Yellow Gold Bracelet,Audemars Piguet,Royal Oak,Royal Oak Green Dial Yellow Gold Bracelet,Men,Green,,Yellow Gold,Bracelet,Yellow Gold,Octagonal Bezel,Integrated Bracelet Sport,Large (41-43mm),2,Audemars Piguet;Royal Oak;Men;Green;Yellow Gold;Bracelet;Octagonal Bezel;Integrated Bracelet Sport;Large (41-43mm)
Audemars Piguet/Royal Oak/Royal Oak White Dial Steel Diamond Bezel,Audemars Piguet,Royal Oak,Royal Oak White Dial Steel Diamond Bezel,Women,White,Diamond Markers,Stainless Steel,Bracelet,Steel,Diamond Bezel,Diamond-Set;Integrated Bracelet Sport,Mid (33-36mm),1,Audemars Piguet;Royal Oak;Women;White;Diamond Markers;Stainless Steel;Bracelet;Steel;Diamond Bezel;Diamond-Set;Integrated Bracelet Sport;Mid (33-36mm)
Audemars Piguet/Royal Oak/Royal Oak Yellow Gold Skeleton Caseback,Audemars Piguet,Royal Oak,Royal Oak Yellow Gold Skeleton Caseback,Men,,Skeleton,Yellow Gold,Bracelet,Yellow Gold,Octagonal Bezel,Skeleton;Integrated Bracelet Sport,Large (41-43mm),17,Audemars Piguet;Royal Oak;Men;Skeleton;Yellow Gold;Bracelet;Octagonal Bezel;Integrated Bracelet Sport;Large (41-43mm)
Breitling/Navitimer/Navitimer B01 Chronograph Black Dial Steel Bracelet,Breitling,Navitimer,Navitimer B01 Chronograph Black Dial Steel Bracelet,Men,Black,,Stainless Steel,Bracelet,Steel,,Chronograph,Large (41-43mm),2,Breitling;Navitimer;Men;Black;Stainless Steel;Bracelet;Steel;Chronograph;Large (41-43mm)
Breitling/Navitimer/Navitimer Chronograph Purple Dial Steel Slide Rule Bezel,Breitling,Navitimer,Navitimer Chronograph Purple Dial Steel Slide Rule Bezel,Men,Purple,,Stainless Steel,Bracelet,Steel,,Chronograph,Large (41-43mm),1,Breitling;Navitimer;Men;Purple;Stainless Steel;Bracelet;Steel;Chronograph;Large (41-43mm)
Cartier/Ballon Bleu/Ballon Bleu Steel Silver Dial Steel Bracelet,Cartier,Ballon Bleu,Ballon Bleu Steel Silver Dial Steel Bracelet,Women,Silver,,Stainless Steel,Bracelet,Steel,,,Mid (33-36mm),1,Cartier;Ballon Bleu;Women;Silver;Stainless Steel;Bracelet;Steel;Mid (33-36mm)
Cartier/Panthere/Panthere Medium White Dial Steel Diamond Bezel Bracelet,Cartier,Panthere,Panthere Medium White Dial Steel Diamond Bezel Bracelet,Women,White,Diamond Markers,Stainless Steel,Bracelet,Steel,Diamond Bezel,Diamond-Set,Ladies (<33mm),1,Cartier;Panthere;Women;White;Diamond Markers;Stainless Steel;Bracelet;Steel;Diamond Bezel;Diamond-Set;Ladies (<33mm)
Cartier/Panthere/Panthere Medium White Dial Yellow Gold Bracelet,Cartier,Panthere,Panthere Medium White Dial Yellow Gold Bracelet,Women,White,,Yellow Gold,Bracelet,Yellow Gold,,,Ladies (<33mm),1,Cartier;Panthere;Women;White;Yellow Gold;Bracelet;Ladies (<33mm)
Cartier/Panthere/Panthere Small White Dial Steel Bracelet,Cartier,Panthere,Panthere Small White Dial Steel Bracelet,Women,White,,Stainless Steel,Bracelet,Steel,,,Ladies (<33mm),1,Cartier;Panthere;Women;White;Stainless Steel;Bracelet;Steel;Ladies (<33mm)
Cartier/Panthere/Panthere Small White Dial Steel Bracelet 2,Cartier,Panthere,Panthere Small White Dial Steel Bracelet,Women,White,,Stainless Steel,Bracelet,Steel,,,Ladies (<33mm),1,Cartier;Panthere;Women;White;Stainless Steel;Bracelet;Steel;Ladies (<33mm)
Cartier/Panthere/Panthere Small White Dial Steel Diamond Bezel Bracelet,Cartier,Panthere,Panthere Small White Dial Steel Diamond Bezel Bracelet,Women,White,Diamond Markers,Stainless Steel,Bracelet,Steel,Diamond Bezel,Diamond-Set,Ladies (<33mm),1,Cartier;Panthere;Women;White;Diamond Markers;Stainless Steel;Bracelet;Steel;Diamond Bezel;Diamond-Set;Ladies (<33mm)
Cartier/Panthere/Panthere Small White Dial Two Tone Diamond Bezel Bracelet,Cartier,Panthere,Panthere Small White Dial Two Tone Diamond Bezel Bracelet,Women,White,Diamond Markers,Rose Gold;Two-Tone,Bracelet,Rose Gold,Diamond Bezel,Diamond-Set,Ladies (<33mm),1,Cartier;Panthere;Women;White;Diamond Markers;Rose Gold;Two-Tone;Bracelet;Diamond Bezel;Diamond-Set;Ladies (<33mm)
Cartier/Panthere de Cartier/Panthere White Dial Two Tone Steel And Gold Bracelet,Cartier,Panthere de Cartier,Panthere White Dial Two Tone Steel And Gold Bracelet,Women,White,,Yellow Gold;Two-Tone,Bracelet,Yellow Gold,,,Ladies (<33mm),1,Cartier;Panthere de Cartier;Women;White;Yellow Gold;Two-Tone;Bracelet;Ladies (<33mm)
Cartier/Panthere de Cartier/Panthere White Dial Two Tone Steel And Rose Gold Diamond Bezel Bracelet,Cartier,Panthere de Cartier,Panthere White Dial Two Tone Steel And Rose Gold Diamond Bezel Bracelet,Women,White,Diamond Markers,Rose Gold;Two-Tone,Bracelet,Rose Gold,Diamond Bezel,Diamond-Set,Ladies (<33mm),1,Cartier;Panthere de Cartier;Women;White;Diamond Markers;Rose Gold;Two-Tone;Bracelet;Diamond Bezel;Diamond-Set;Ladies (<33mm)
Cartier/Panthere de Cartier/Panthere White Dial Yellow Gold Diamond Bezel Bracelet,Cartier,Panthere de Cartier,Panthere White Dial Yellow Gold Diamond Bezel Bracelet,Women,White,Diamond Markers,Yellow Gold,Bracelet,Yellow Gold,Diamond Bezel,Diamond-Set,Ladies (<33mm),1,Cartier;Panthere de Cartier;Women;White;Diamond Markers;Yellow Gold;Bracelet;Diamond Bezel;Diamond-Set;Ladies (<33mm)
Cartier/Santos/Santos Green Dial Yellow Gold Green Leather Strap,Cartier,Santos,Santos Green Dial Yellow Gold Green Leather Strap,Men,Green,,Yellow Gold,Strap,Leather,,,Standard (37-40mm),1,Cartier;Santos;Men;Green;Yellow Gold;Strap;Leather;Standard (37-40mm)
Cartier/Santos/Santos Purple Dial Steel Bracelet,Cartier,Santos,Santos Purple Dial Steel Bracelet,Men,Purple,,Stainless Steel,Bracelet,Steel,,,Standard (37-40mm),1,Cartier;Santos;Men;Purple;Stainless Steel;Bracelet;Steel;Standard (37-40mm)
Cartier/Santos/Santos Steel Silver Dial Steel Bracelet,Cartier,Santos,Santos Steel Silver Dial Steel Bracelet,Men,Silver,,Stainless Steel,Bracelet,Steel,,,Mid (33-36mm),1,Cartier;Santos;Men;Silver;Stainless Steel;Bracelet;Steel;Mid (33-36mm)
Cartier/Santos/Santos Two Tone Silver Dial Steel Bracelet,Cartier,Santos,Santos Two Tone Silver Dial Steel Bracelet,Men,Silver,,Yellow Gold;Two-Tone,Bracelet,Steel,,,Mid (33-36mm),1,Cartier;Santos;Men;Silver;Yellow Gold;Two-Tone;Bracelet;Steel;Mid (33-36mm)
Cartier/Santos/Santos Two Tone Silver Dial Steel Bracelet 2,Cartier,Santos,Santos Two Tone Silver Dial Steel Bracelet,Men,Silver,,Yellow Gold;Two-Tone,Bracelet,Steel,,,Mid (33-36mm),1,Cartier;Santos;Men;Silver;Yellow Gold;Two-Tone;Bracelet;Steel;Mid (33-36mm)
Cartier/Santos de Cartier/Santos Black Dial Steel Bracelet,Cartier,Santos de Cartier,Santos Black Dial Steel Bracelet,Men,Black,,Stainless Steel,Bracelet,Steel,,,Standard (37-40mm),1,Cartier;Santos de Cartier;Men;Black;Stainless Steel;Bracelet;Steel;Standard (37-40mm)
Cartier/Santos de Cartier/Santos White Dial Rose Gold Bracelet,Cartier,Santos de Cartier,Santos White Dial Rose Gold Bracelet,Men,White,,Rose Gold,Bracelet,Rose Gold,,,Standard (37-40mm),1,Cartier;Santos de Cartier;Men;White;Rose Gold;Bracelet;Standard (37-40mm)
Cartier/Santos de Cartier/Santos White Dial Steel Bracelet,Cartier,Santos de Cartier,Santos White Dial Steel Bracelet,Men,White,,Stainless Steel,Bracelet,Steel,,,Standard (37-40mm),1,Cartier;Santos de Cartier;Men;White;Stainless Steel;Bracelet;Steel;Standard (37-40mm)
Cartier/Santos de Cartier/Santos White Dial Two Tone Steel And Gold Bracelet,Cartier,Santos de Cartier,Santos White Dial Two Tone Steel And Gold Bracelet,Men,White,,Yellow Gold;Two-Tone,Bracelet,Yellow Gold,,,Standard (37-40mm),1,Cartier;Santos de Cartier;Men;White;Yellow Gold;Two-Tone;Bracelet;Standard (37-40mm)
Cartier/Santos-Dumont/Santos-Dumont Silver Dial Rose Gold Brown Leather Strap,Cartier,Santos-Dumont,Santos-Dumont Silver Dial Rose Gold Brown Leather Strap,Unisex,Silver,,Rose Gold,Strap,Leather,,,Ladies (<33mm),1,Cartier;Santos-Dumont;Unisex;Silver;Rose Gold;Strap;Leather;Ladies (<33mm)
Cartier/Santos-Dumont/Santos-Dumont Silver Dial Steel Black Leather Strap,Cartier,Santos-Dumont,Santos-Dumont Silver Dial Steel Black Leather Strap,Unisex,Silver,,Stainless Steel,Strap,Leather,,,Ladies (<33mm),1,Cartier;Santos-Dumont;Unisex;Silver;Stainless Steel;Strap;Leather;Ladies (<33mm)
Cartier/Tank Francaise/Tank Francaise White Dial Steel Bracelet,Cartier,Tank Francaise,Tank Francaise White Dial Steel Bracelet,Women,White,,Stainless Steel,Bracelet,Steel,,,Ladies (<33mm),1,Cartier;Tank Francaise;Women;White;Stainless Steel;Bracelet;Steel;Ladies (<33mm)
Cartier/Tank Solo/Tank Solo Rose Gold Diamond Bezel White Dial Brown Strap,Cartier,Tank Solo,Tank Solo Rose Gold Diamond Bezel White Dial Brown Strap,Women,White,Diamond Markers,Rose Gold,Strap,Leather,Diamond Bezel,Diamond-Set,Ladies (<33mm),1,Cartier;Tank Solo;Women;White;Diamond Markers;Rose Gold;Strap;Leather;Diamond Bezel;Diamond-Set;Ladies (<33mm)
Cartier/Tank Solo/Tank Solo Steel White Dial Black Strap,Cartier,Tank Solo,Tank Solo Steel White Dial Black Strap,Women,White,,Stainless Steel,Strap,Leather,,,Ladies (<33mm),1,Cartier;Tank Solo;Women;White;Stainless Steel;Strap;Leather;Ladies (<33mm)
Cartier/Tank Solo/Tank Solo Steel White Dial Steel Bracelet,Cartier,Tank Solo,Tank Solo Steel White Dial Steel Bracelet,Women,White,,Stainless Steel,Bracelet,Steel,,,Ladies (<33mm),1,Cartier;Tank Solo;Women;White;Stainless Steel;Bracelet;Steel;Ladies (<33mm)
Cartier/Tank Solo/Tank Solo Yellow Gold White Dial Brown Strap,Cartier,Tank Solo,Tank Solo Yellow Gold White Dial Brown Strap,Women,White,,Yellow Gold,Strap,Leather,,,Ladies (<33mm),1,Cartier;Tank Solo;Women;White;Yellow Gold;Strap;Leather;Ladies (<33mm)
Franck Muller/Vanguard/Vanguard Black Dial Steel Black Strap,Franck Muller,Vanguard,Vanguard Black Dial Steel Black Strap,Men,Black,,Stainless Steel,Strap,Leather,,,Oversized (44mm+),2,Franck Muller;Vanguard;Men;Black;Stainless Steel;Strap;Leather;Oversized (44mm+)
Hublot/Big Bang/Big Bang Unico Rose Gold Blue Dial Blue Rubber Strap,Hublot,Big Bang,Big Bang Unico Rose Gold Blue Dial Blue Rubber Strap,Men,Blue,,Rose Gold,Strap,Rubber,,,Oversized (44mm+),1,Hublot;Big Bang;Men;Blue;Rose Gold;Strap;Rubber;Oversized (44mm+)
Hublot/Big Bang Sang Bleu/Big Bang Sang Bleu Rose Gold Blue Dial Blue Rubber Strap,Hublot,Big Bang Sang Bleu,Big Bang Sang Bleu Rose Gold Blue Dial Blue Rubber Strap,Men,Blue,,Rose Gold,Strap,Rubber,,,Oversized (44mm+),1,Hublot;Big Bang Sang Bleu;Men;Blue;Rose Gold;Strap;Rubber;Oversized (44mm+)
Hublot/Classic Fusion/Classic Fusion Black Ceramic Carbon Dial Black Strap,Hublot,Classic Fusion,Classic Fusion Black Ceramic Carbon Dial Black Strap,Men,Black,,Ceramic,Strap,Leather,Ceramic Bezel,,Large (41-43mm),1,Hublot;Classic Fusion;Men;Black;Ceramic;Strap;Leather;Ceramic Bezel;Large (41-43mm)
Hublot/Classic Fusion/Classic Fusion Black Dial Diamond Bezel Black Leather Strap,Hublot,Classic Fusion,Classic Fusion Black Dial Diamond Bezel Black Leather Strap,Unisex,Black,Diamond Markers,Titanium,Strap,Leather,Diamond Bezel,Diamond-Set,Large (41-43mm),1,Hublot;Classic Fusion;Unisex;Black;Diamond Markers;Titanium;Strap;Leather;Diamond Bezel;Diamond-Set;Large (41-43mm)
Hublot/Classic Fusion/Classic Fusion Black Dial Diamond Bezel Black Rubber Strap,Hublot,Classic Fusion,Classic Fusion Black Dial Diamond Bezel Black Rubber Strap,Unisex,Black,Diamond Markers,Titanium,Strap,Rubber,Diamond Bezel,Diamond-Set,Standard (37-40mm),1,Hublot;Classic Fusion;Unisex;Black;Diamond Markers;Titanium;Strap;Rubber;Diamond Bezel;Diamond-Set;Standard (37-40mm)
Hublot/Classic Fusion/Classic Fusion Blue Dial Steel Diamond Bezel Blue Rubber Strap,Hublot,Classic Fusion,Classic Fusion Blue Dial Steel Diamond Bezel Blue Rubber Strap,Unisex,Blue,Diamond Markers,Stainless Steel,Strap,Rubber,Diamond Bezel,Diamond-Set,Mid (33-36mm),1,Hublot;Classic Fusion;Unisex;Blue;Diamond Markers;Stainless Steel;Strap;Rubber;Diamond Bezel;Diamond-Set;Mid (33-36mm)
Hublot/Classic Fusion/Classic Fusion Gray Dial Steel Diamond Bezel Gray Leather Strap,Hublot,Classic Fusion,Classic Fusion Gray Dial Steel Diamond Bezel Gray Leather Strap,Unisex,Gray,Diamond Markers,Stainless Steel,Strap,Leather,Diamond Bezel,Diamond-Set,Standard (37-40mm),1,Hublot;Classic Fusion;Unisex;Gray;Diamond Markers;Stainless Steel;Strap;Leather;Diamond Bezel;Diamond-Set;Standard (37-40mm)
Hublot/Classic Fusion/Classic Fusion Gray Dial Steel Diamond Bezel Gray Rubber Strap,Hublot,Classic Fusion,Classic Fusion Gray Dial Steel Diamond Bezel Gray Rubber Strap,Unisex,Gray,Diamond Markers,Stainless Steel,Strap,Rubber,Diamond Bezel,Diamond-Set,Mid (33-36mm),1,Hublot;Classic Fusion;Unisex;Gray;Diamond Markers;Stainless Steel;Strap;Rubber;Diamond Bezel;Diamond-Set;Mid (33-36mm)
Hublot/Classic Fusion/Classic Fusion Green Dial Steel Diamond Bezel Green Leather Strap,Hublot,Classic Fusion,Classic Fusion Green Dial Steel Diamond Bezel Green Leather Strap,Unisex,Green,Diamond Markers,Stainless Steel,Strap,Leather,Diamond Bezel,Diamond-Set,Standard (37-40mm),1,Hublot;Classic Fusion;Unisex;Green;Diamond Markers;Stainless Steel;Strap;Leather;Diamond Bezel;Diamond-Set;Standard (37-40mm)
Hublot/Classic Fusion/Classic Fusion Green Dial Steel Diamond Bezel Green Rubber Strap,Hublot,Classic Fusion,Classic Fusion Green Dial Steel Diamond Bezel Green Rubber Strap,Unisex,Green,Diamond Markers,Stainless Steel,Strap,Rubber,Diamond Bezel,Diamond-Set,Mid (33-36mm),1,Hublot;Classic Fusion;Unisex;Green;Diamond Markers;Stainless Steel;Strap;Rubber;Diamond Bezel;Diamond-Set;Mid (33-36mm)
Hublot/Spirit of Big Bang/Spirit Of Big Bang Black Dial Rose Gold Black Rubber Strap,Hublot,Spirit of Big Bang,Spirit Of Big Bang Black Dial Rose Gold Black Rubber Strap,Men,Black,,Rose Gold,Strap,Rubber,Ceramic Bezel,Chronograph,Large (41-43mm),1,Hublot;Spirit of Big Bang;Men;Black;Rose Gold;Strap;Rubber;Ceramic Bezel;Chronograph;Large (41-43mm)
Hublot/Spirit of Big Bang/Spirit Of Big Bang Black Dial Titanium And Black Ceramic Rubber Strap,Hublot,Spirit of Big Bang,Spirit Of Big Bang Black Dial Titanium And Black Ceramic Rubber Strap,Men,Black,,Titanium,Strap,Rubber,Ceramic Bezel,Chronograph,Large (41-43mm),1,Hublot;Spirit of Big Bang;Men;Black;Titanium;Strap;Rubber;Ceramic Bezel;Chronograph;Large (41-43mm)
Hublot/Spirit of Big Bang/Spirit Of Big Bang Blue Dial Rose Gold Blue Rubber Strap,Hublot,Spirit of Big Bang,Spirit Of Big Bang Blue Dial Rose Gold Blue Rubber Strap,Men,Blue,,Rose Gold,Strap,Rubber,Ceramic Bezel,Chronograph,Large (41-43mm),1,Hublot;Spirit of Big Bang;Men;Blue;Rose Gold;Strap;Rubber;Ceramic Bezel;Chronograph;Large (41-43mm)
Hublot/Spirit of Big Bang/Spirit Of Big Bang Chronograph Black Dial Black Rubber Strap,Hublot,Spirit of Big Bang,Spirit Of Big Bang Chronograph Black Dial Black Rubber Strap,Men,Black,,Titanium,Strap,Rubber,,Chronograph,Large (41-43mm),1,Hublot;Spirit of Big Bang;Men;Black;Titanium;Strap;Rubber;Chronograph;Large (41-43mm)
Hublot/Spirit of Big Bang/Spirit Of Big Bang Chronograph Silver Dial Titanium Grey Rubber Strap,Hublot,Spirit of Big Bang,Spirit Of Big Bang Chronograph Silver Dial Titanium Grey Rubber Strap,Men,Silver,,Titanium,Strap,Rubber,,Chronograph,Large (41-43mm),1,Hublot;Spirit of Big Bang;Men;Silver;Titanium;Strap;Rubber;Chronograph;Large (41-43mm)
Hublot/Spirit of Big Bang/Spirit Of Big Bang Light Blue Dial Light Blue Rubber Strap,Hublot,Spirit of Big Bang,Spirit Of Big Bang Light Blue Dial Light Blue Rubber Strap,Men,Light Blue,,Titanium,Strap,Rubber,Ceramic Bezel,Chronograph,Large (41-43mm),1,Hublot;Spirit of Big Bang;Men;Light Blue;Titanium;Strap;Rubber;Ceramic Bezel;Chronograph;Large (41-43mm)
Hublot/Spirit of Big Bang/Spirit Of Big Bang Light Blue Dial Two Tone And Rose Gold Rubber Strap,Hublot,Spirit of Big Bang,Spirit Of Big Bang Light Blue Dial Two Tone And Rose Gold Rubber Strap,Men,Light Blue,,Rose Gold;Titanium,Strap,Rubber,,Chronograph,Large (41-43mm),1,Hublot;Spirit of Big Bang;Men;Light Blue;Rose Gold;Titanium;Strap;Rubber;Chronograph;Large (41-43mm)
Hublot/Spirit of Big Bang/Spirit Of Big Bang Titanium Black And Blue Dial Rubber Strap,Hublot,Spirit of Big Bang,Spirit Of Big Bang Titanium Black And Blue Dial Rubber Strap,Men,Black,,Titanium,Strap,Rubber,,Chronograph,Large (41-43mm),1,Hublot;Spirit of Big Bang;Men;Black;Titanium;Strap;Rubber;Chronograph;Large (41-43mm)
Hublot/Spirit of Big Bang/Spirit Of Big Bang Titanium Light Blue Dial Rubber Strap,Hublot,Spirit of Big Bang,Spirit Of Big Bang Titanium Light Blue Dial Rubber Strap,Men,Light Blue,,Titanium,Strap,Rubber,,Chronograph,Large (41-43mm),1,Hublot;Spirit of Big Bang;Men;Light Blue;Titanium;Strap;Rubber;Chronograph;Large (41-43mm)
IWC/Ingenieur/Ingenieur Automatic Black Dial Steel Bracelet,IWC,Ingenieur,Ingenieur Automatic Black Dial Steel Bracelet,Men,Black,,Stainless Steel,Bracelet,Steel,,Integrated Bracelet Sport,Standard (37-40mm),1,IWC;Ingenieur;Men;Black;Stainless Steel;Bracelet;Steel;Integrated Bracelet Sport;Standard (37-40mm)
IWC/Ingenieur/Ingenieur Automatic Blue Dial Steel Bracelet,IWC,Ingenieur,Ingenieur Automatic Blue Dial Steel Bracelet,Men,Blue,,Stainless Steel,Bracelet,Steel,,Integrated Bracelet Sport,Standard (37-40mm),1,IWC;Ingenieur;Men;Blue;Stainless Steel;Bracelet;Steel;Integrated Bracelet Sport;Standard (37-40mm)
IWC/Ingenieur/Ingenieur Automatic Blue Dial Steel Bracelet 2,IWC,Ingenieur,Ingenieur Automatic Blue Dial Steel Bracelet,Men,Blue,,Stainless Steel,Bracelet,Steel,,Integrated Bracelet Sport,Standard (37-40mm),1,IWC;Ingenieur;Men;Blue;Stainless Steel;Bracelet;Steel;Integrated Bracelet Sport;Standard (37-40mm)
IWC/Ingenieur/Ingenieur Automatic Rose Gold Black Dial Bracelet,IWC,Ingenieur,Ingenieur Automatic Rose Gold Black Dial Bracelet,Men,Black,,Rose Gold,Bracelet,Rose Gold,,Integrated Bracelet Sport,Standard (37-40mm),1,IWC;Ingenieur;Men;Black;Rose Gold;Bracelet;Integrated Bracelet Sport;Standard (37-40mm)
IWC/Ingenieur/Ingenieur Automatic Rose Gold Salmon Dial Bracelet,IWC,Ingenieur,Ingenieur Automatic Rose Gold Salmon Dial Bracelet,Men,Salmon,,Rose Gold,Bracelet,Rose Gold,,Integrated Bracelet Sport,Standard (37-40mm),1,IWC;Ingenieur;Men;Salmon;Rose Gold;Bracelet;Integrated Bracelet Sport;Standard (37-40mm)
IWC/Ingenieur/Ingenieur Automatic Silver Dial Steel Bracelet,IWC,Ingenieur,Ingenieur Automatic Silver Dial Steel Bracelet,Men,Silver,,Stainless Steel,Bracelet,Steel,,Integrated Bracelet Sport,Standard (37-40mm),1,IWC;Ingenieur;Men;Silver;Stainless Steel;Bracelet;Steel;Integrated Bracelet Sport;Standard (37-40mm)
IWC/Pilot's Watch/Pilot's Watch Automatic Blue Ceramic Blue Dial Textile Strap,IWC,Pilot's Watch,Pilot's Watch Automatic Blue Ceramic Blue Dial Textile Strap,Men,Blue,,Ceramic,Strap,Fabric,Ceramic Bezel,,Large (41-43mm),8,IWC;Pilot's Watch;Men;Blue;Ceramic;Strap;Fabric;Ceramic Bezel;Large (41-43mm)
IWC/Pilot's Watch/Pilot's Watch Automatic Blue Ceramic Blue Dial Textile Strap 2,IWC,Pilot's Watch,Pilot's Watch Automatic Blue Ceramic Blue Dial Textile Strap,Men,Blue,,Ceramic,Strap,Fabric,Ceramic Bezel,,Large (41-43mm),1,IWC;Pilot's Watch;Men;Blue;Ceramic;Strap;Fabric;Ceramic Bezel;Large (41-43mm)
Jaeger-LeCoultre/Master Control/Master Control Black Dial Steel Blue Leather Strap,Jaeger-LeCoultre,Master Control,Master Control Black Dial Steel Blue Leather Strap,Men,Black,,Stainless Steel,Strap,Leather,,,Standard (37-40mm),1,Jaeger-LeCoultre;Master Control;Men;Black;Stainless Steel;Strap;Leather;Standard (37-40mm)
Jaeger-LeCoultre/Master Control/Master Control Black Dial Steel Blue Leather Strap 2,Jaeger-LeCoultre,Master Control,Master Control Black Dial Steel Blue Leather Strap,Men,Black,,Stainless Steel,Strap,Leather,,,Standard (37-40mm),1,Jaeger-LeCoultre;Master Control;Men;Black;Stainless Steel;Strap;Leather;Standard (37-40mm)
Jaeger-LeCoultre/Master Control/Master Control Caseback Steel Blue Leather Strap,Jaeger-LeCoultre,Master Control,Master Control Caseback Steel Blue Leather Strap,Men,,,Stainless Steel,Strap,Leather,,,Standard (37-40mm),1,Jaeger-LeCoultre;Master Control;Men;Stainless Steel;Strap;Leather;Standard (37-40mm)
Jaeger-LeCoultre/Master Control/Master Control Geographic Blue Dial Steel Blue Leather Strap,Jaeger-LeCoultre,Master Control,Master Control Geographic Blue Dial Steel Blue Leather Strap,Men,Blue,,Stainless Steel,Strap,Leather,,GMT/World Time,Standard (37-40mm),1,Jaeger-LeCoultre;Master Control;Men;Blue;Stainless Steel;Strap;Leather;GMT/World Time;Standard (37-40mm)
Jaeger-LeCoultre/Master Control/Master Control Geographic Blue Dial Steel Blue Leather Strap 2,Jaeger-LeCoultre,Master Control,Master Control Geographic Blue Dial Steel Blue Leather Strap,Men,Blue,,Stainless Steel,Strap,Leather,,GMT/World Time,Standard (37-40mm),1,Jaeger-LeCoultre;Master Control;Men;Blue;Stainless Steel;Strap;Leather;GMT/World Time;Standard (37-40mm)
Jaeger-LeCoultre/Master Geographic/Master Geographic Blue Dial Steel Blue Leather Strap,Jaeger-LeCoultre,Master Geographic,Master Geographic Blue Dial Steel Blue Leather Strap,Men,Blue,,Stainless Steel,Strap,Leather,,GMT/World Time,Standard (37-40mm),1,Jaeger-LeCoultre;Master Geographic;Men;Blue;Stainless Steel;Strap;Leather;GMT/World Time;Standard (37-40mm)
Jaeger-LeCoultre/Master Geographic/Master Geographic Blue Dial Steel Blue Leather Strap 2,Jaeger-LeCoultre,Master Geographic,Master Geographic Blue Dial Steel Blue Leather Strap,Men,Blue,,Stainless Steel,Strap,Leather,,GMT/World Time,Standard (37-40mm),1,Jaeger-LeCoultre;Master Geographic;Men;Blue;Stainless Steel;Strap;Leather;GMT/World Time;Standard (37-40mm)
Jaeger-LeCoultre/Master Geographic/Master Geographic Blue Dial Steel Power Reserve Blue Strap,Jaeger-LeCoultre,Master Geographic,Master Geographic Blue Dial Steel Power Reserve Blue Strap,Men,Blue,,Stainless Steel,Strap,Leather,,GMT/World Time,Standard (37-40mm),1,Jaeger-LeCoultre;Master Geographic;Men;Blue;Stainless Steel;Strap;Leather;GMT/World Time;Standard (37-40mm)
Jaeger-LeCoultre/Master Ultra Thin Moon/Master Ultra Thin Moon Black Dial Steel Gray Strap,Jaeger-LeCoultre,Master Ultra Thin Moon,Master Ultra Thin Moon Black Dial Steel Gray Strap,Men,Black,,Stainless Steel,Strap,Leather,,Moonphase,Standard (37-40mm),1,Jaeger-LeCoultre;Master Ultra Thin Moon;Men;Black;Stainless Steel;Strap;Leather;Moonphase;Standard (37-40mm)
Jaeger-LeCoultre/Master Ultra Thin Moon/Master Ultra Thin Moon Blue Dial Rose Gold Blue Strap,Jaeger-LeCoultre,Master Ultra Thin Moon,Master Ultra Thin Moon Blue Dial Rose Gold Blue Strap,Men,Blue,,Rose Gold,Strap,Leather,,Moonphase,Standard (37-40mm),1,Jaeger-LeCoultre;Master Ultra Thin Moon;Men;Blue;Rose Gold;Strap;Leather;Moonphase;Standard (37-40mm)
Jaeger-LeCoultre/Master Ultra Thin Moon/Master Ultra Thin Moon Gray Dial Steel Gray Strap,Jaeger-LeCoultre,Master Ultra Thin Moon,Master Ultra Thin Moon Gray Dial Steel Gray Strap,Men,Gray,,Stainless Steel,Strap,Leather,,Moonphase,Standard (37-40mm),1,Jaeger-LeCoultre;Master Ultra Thin Moon;Men;Gray;Stainless Steel;Strap;Leather;Moonphase;Standard (37-40mm)
Jaeger-LeCoultre/Master Ultra Thin Moon/Master Ultra Thin Moon Steel Blue Dial Gray Leather Strap,Jaeger-LeCoultre,Master Ultra Thin Moon,Master Ultra Thin Moon Steel Blue Dial Gray Leather Strap,Men,Blue,,Stainless Steel,Strap,Leather,,Moonphase,Standard (37-40mm),1,Jaeger-LeCoultre;Master Ultra Thin Moon;Men;Blue;Stainless Steel;Strap;Leather;Moonphase;Standard (37-40mm)
Jaeger-LeCoultre/Master Ultra Thin Moon/Master Ultra Thin Moon Steel Blue Guilloche Dial Gray Leather Strap,Jaeger-LeCoultre,Master Ultra Thin Moon,Master Ultra Thin Moon Steel Blue Guilloche Dial Gray Leather Strap,Men,Blue,,Stainless Steel,Strap,Leather,,Moonphase,Standard (37-40mm),1,Jaeger-LeCoultre;Master Ultra Thin Moon;Men;Blue;Stainless Steel;Strap;Leather;Moonphase;Standard (37-40mm)
Jaeger-LeCoultre/Master Ultra Thin Moon/Master Ultra Thin Moon Steel Silver Dial Gray Leather Strap,Jaeger-LeCoultre,Master Ultra Thin Moon,Master Ultra Thin Moon Steel Silver Dial Gray Leather Strap,Men,Silver,,Stainless Steel,Strap,Leather,,Moonphase,Standard (37-40mm),2,Jaeger-LeCoultre;Master Ultra Thin Moon;Men;Silver;Stainless Steel;Strap;Leather;Moonphase;Standard (37-40mm)
Omega/Constellation/Constellation Purple Diamond Dial Steel Roman Bezel Bracelet,Omega,Constellation,Constellation Purple Diamond Dial Steel Roman Bezel Bracelet,Women,Purple,Diamond Markers,Stainless Steel,Bracelet,Steel,,Diamond-Set,Ladies (<33mm),1,Omega;Constellation;Women;Purple;Diamond Markers;Stainless Steel;Bracelet;Steel;Diamond-Set;Ladies (<33mm)
Omega/Seamaster/Seamaster Aqua Terra Steel Bracelet Clasp Logo Detail,Omega,Seamaster,Seamaster Aqua Terra Steel Bracelet Clasp Logo Detail,Men,,,Stainless Steel,Bracelet,Steel,,,Large (41-43mm),13,Omega;Seamaster;Men;Stainless Steel;Bracelet;Steel;Large (41-43mm)
Omega/Seamaster Aqua Terra/Aqua Terra Blue Dial Steel Bracelet,Omega,Seamaster Aqua Terra,Aqua Terra Blue Dial Steel Bracelet,Men,Blue,,Stainless Steel,Bracelet,Steel,,,Large (41-43mm),1,Omega;Seamaster Aqua Terra;Men;Blue;Stainless Steel;Bracelet;Steel;Large (41-43mm)
Omega/Seamaster Aqua Terra/Aqua Terra Silver Dial Steel Bracelet,Omega,Seamaster Aqua Terra,Aqua Terra Silver Dial Steel Bracelet,Men,Silver,,Stainless Steel,Bracelet,Steel,,,Large (41-43mm),1,Omega;Seamaster Aqua Terra;Men;Silver;Stainless Steel;Bracelet;Steel;Large (41-43mm)
Omega/Seamaster Aqua Terra/Aqua Terra Turquoise Dial Steel Bracelet,Omega,Seamaster Aqua Terra,Aqua Terra Turquoise Dial Steel Bracelet,Men,Turquoise,,Stainless Steel,Bracelet,Steel,,,Standard (37-40mm),2,Omega;Seamaster Aqua Terra;Men;Turquoise;Stainless Steel;Bracelet;Steel;Standard (37-40mm)
Omega/Seamaster Aqua Terra/Aqua Terra Worldtimer Blue Dial Blue Rubber Strap,Omega,Seamaster Aqua Terra,Aqua Terra Worldtimer Blue Dial Blue Rubber Strap,Men,Blue,,Stainless Steel,Strap,Rubber,,GMT/World Time,Large (41-43mm),2,Omega;Seamaster Aqua Terra;Men;Blue;Stainless Steel;Strap;Rubber;GMT/World Time;Large (41-43mm)
Omega/Seamaster Aqua Terra/Aqua Terra Worldtimer Blue Dial Steel Bracelet,Omega,Seamaster Aqua Terra,Aqua Terra Worldtimer Blue Dial Steel Bracelet,Men,Blue,,Stainless Steel,Bracelet,Steel,,GMT/World Time,Large (41-43mm),1,Omega;Seamaster Aqua Terra;Men;Blue;Stainless Steel;Bracelet;Steel;GMT/World Time;Large (41-43mm)
Omega/Seamaster Aqua Terra/Aqua Terra Worldtimer Grey Dial Titanium Black Rubber Strap,Omega,Seamaster Aqua Terra,Aqua Terra Worldtimer Grey Dial Titanium Black Rubber Strap,Men,Gray,,Titanium,Strap,Rubber,Ceramic Bezel,GMT/World Time,Large (41-43mm),1,Omega;Seamaster Aqua Terra;Men;Gray;Titanium;Strap;Rubber;Ceramic Bezel;GMT/World Time;Large (41-43mm)
Omega/Seamaster Aqua Terra/Seamaster Aqua Terra Black Dial Green Accents Stainless Steel,Omega,Seamaster Aqua Terra,Seamaster Aqua Terra Black Dial Green Accents Stainless Steel,Men,Black,,Stainless Steel,Bracelet,Steel,,,Large (41-43mm),1,Omega;Seamaster Aqua Terra;Men;Black;Stainless Steel;Bracelet;Steel;Large (41-43mm)
Omega/Seamaster Aqua Terra/Seamaster Aqua Terra Black Dial Stainless Steel,Omega,Seamaster Aqua Terra,Seamaster Aqua Terra Black Dial Stainless Steel,Men,Black,,Stainless Steel,Bracelet,Steel,,,Large (41-43mm),1,Omega;Seamaster Aqua Terra;Men;Black;Stainless Steel;Bracelet;Steel;Large (41-43mm)
Omega/Seamaster Aqua Terra/Seamaster Aqua Terra Black Dial Steel Bracelet,Omega,Seamaster Aqua Terra,Seamaster Aqua Terra Black Dial Steel Bracelet,Men,Black,,Stainless Steel,Bracelet,Steel,,,Large (41-43mm),1,Omega;Seamaster Aqua Terra;Men;Black;Stainless Steel;Bracelet;Steel;Large (41-43mm)
Omega/Seamaster Aqua Terra/Seamaster Aqua Terra Blue Teak Dial Steel Bracelet,Omega,Seamaster Aqua Terra,Seamaster Aqua Terra Blue Teak Dial Steel Bracelet,Men,Blue,,Stainless Steel,Bracelet,Steel,,,Large (41-43mm),1,Omega;Seamaster Aqua Terra;Men;Blue;Stainless Steel;Bracelet;Steel;Large (41-43mm)
Omega/Seamaster Aqua Terra/Seamaster Aqua Terra Grey Teak Dial Steel Bracelet,Omega,Seamaster Aqua Terra,Seamaster Aqua Terra Grey Teak Dial Steel Bracelet,Men,Gray,,Stainless Steel,Bracelet,Steel,,,Large (41-43mm),1,Omega;Seamaster Aqua Terra;Men;Gray;Stainless Steel;Bracelet;Steel;Large (41-43mm)
Omega/Seamaster Aqua Terra/Seamaster Aqua Terra Turquoise Dial Steel Bracelet,Omega,Seamaster Aqua Terra,Seamaster Aqua Terra Turquoise Dial Steel Bracelet,Men,Turquoise,,Stainless Steel,Bracelet,Steel,,,Large (41-43mm),1,Omega;Seamaster Aqua Terra;Men;Turquoise;Stainless Steel;Bracelet;Steel;Large (41-43mm)
Omega/Seamaster Aqua Terra/Seamaster Aqua Terra Turquoise Dial Steel Bracelet 2,Omega,Seamaster Aqua Terra,Seamaster Aqua Terra Turquoise Dial Steel Bracelet,Men,Turquoise,,Stainless Steel,Bracelet,Steel,,,Large (41-43mm),1,Omega;Seamaster Aqua Terra;Men;Turquoise;Stainless Steel;Bracelet;Steel;Large (41-43mm)
Omega/Seamaster Aqua Terra/Seamaster Aqua Terra Worldtimer Blue Dial Steel Blue Rubber Strap,Omega,Seamaster Aqua Terra,Seamaster Aqua Terra Worldtimer Blue Dial Steel Blue Rubber Strap,Men,Blue,,Stainless Steel,Strap,Rubber,,GMT/World Time,Large (41-43mm),14,Omega;Seamaster Aqua Terra;Men;Blue;Stainless Steel;Strap;Rubber;GMT/World Time;Large (41-43mm)
Omega/Seamaster Aqua Terra Worldtimer/Seamaster Aqua Terra Worldtimer Blue Dial Steel Bracelet,Omega,Seamaster Aqua Terra Worldtimer,Seamaster Aqua Terra Worldtimer Blue Dial Steel Bracelet,Men,Blue,,Stainless Steel,Bracelet,Steel,,GMT/World Time,Large (41-43mm),14,Omega;Seamaster Aqua Terra Worldtimer;Men;Blue;Stainless Steel;Bracelet;Steel;GMT/World Time;Large (41-43mm)
Omega/Seamaster Diver 300M/Seamaster Diver 300M Black Dial Two Tone Sedna Gold Black Ceramic Bezel Rubber Strap,Omega,Seamaster Diver 300M,Seamaster Diver 300M Black Dial Two Tone Sedna Gold Black Ceramic Bezel Rubber Strap,Men,Black,,Rose Gold;Two-Tone,Strap,Rubber,Ceramic Bezel,Diver,Large (41-43mm),1,Omega;Seamaster Diver 300M;Men;Black;Rose Gold;Two-Tone;Strap;Rubber;Ceramic Bezel;Diver;Large (41-43mm)
Omega/Seamaster Diver 300M/Seamaster Diver Black Wave Dial Steel Black Ceramic Bezel Black Rubber Strap,Omega,Seamaster Diver 300M,Seamaster Diver Black Wave Dial Steel Black Ceramic Bezel Black Rubber Strap,Men,Black,,Stainless Steel,Strap,Rubber,Ceramic Bezel,Diver,Large (41-43mm),1,Omega;Seamaster Diver 300M;Men;Black;Stainless Steel;Strap;Rubber;Ceramic Bezel;Diver;Large (41-43mm)
Omega/Speedmaster/Speedmaster Professional Black Dial Steel,Omega,Speedmaster,Speedmaster Professional Black Dial Steel,Men,Black,,Stainless Steel,Bracelet,Steel,Tachymeter Bezel,Chronograph,Large (41-43mm),1,Omega;Speedmaster;Men;Black;Stainless Steel;Bracelet;Steel;Tachymeter Bezel;Chronograph;Large (41-43mm)
Omega/Speedmaster/Speedmaster Professional Moonwatch Black Dial Steel Black Bezel,Omega,Speedmaster,Speedmaster Professional Moonwatch Black Dial Steel Black Bezel,Men,Black,,Stainless Steel,Bracelet,Steel,Tachymeter Bezel,Chronograph,Large (41-43mm),16,Omega;Speedmaster;Men;Black;Stainless Steel;Bracelet;Steel;Tachymeter Bezel;Chronograph;Large (41-43mm)
Omega/Speedmaster Moonphase/Speedmaster Moonphase Blue Dial Black Bezel Stainless Steel,Omega,Speedmaster Moonphase,Speedmaster Moonphase Blue Dial Black Bezel Stainless Steel,Men,Blue,,Stainless Steel,Bracelet,Steel,Tachymeter Bezel,Chronograph;Moonphase,Oversized (44mm+),1,Omega;Speedmaster Moonphase;Men;Blue;Stainless Steel;Bracelet;Steel;Tachymeter Bezel;Chronograph;Moonphase;Oversized (44mm+)
Omega/Speedmaster Moonwatch/Speedmaster Moonwatch Black Dial Black Bezel Stainless Steel,Omega,Speedmaster Moonwatch,Speedmaster Moonwatch Black Dial Black Bezel Stainless Steel,Men,Black,,Stainless Steel,Bracelet,Steel,Tachymeter Bezel,Chronograph,Large (41-43mm),1,Omega;Speedmaster Moonwatch;Men;Black;Stainless Steel;Bracelet;Steel;Tachymeter Bezel;Chronograph;Large (41-43mm)
Omega/Speedmaster Racing/Speedmaster Racing Blue Dial Black Bezel Stainless Steel,Omega,Speedmaster Racing,Speedmaster Racing Blue Dial Black Bezel Stainless Steel,Men,Blue,,Stainless Steel,Bracelet,Steel,Tachymeter Bezel,Chronograph,Oversized (44mm+),1,Omega;Speedmaster Racing;Men;Blue;Stainless Steel;Bracelet;Steel;Tachymeter Bezel;Chronograph;Oversized (44mm+)
Patek Philippe/Aquanaut/Aquanaut Black Embossed Dial Steel Black Rubber Strap,Patek Philippe,Aquanaut,Aquanaut Black Embossed Dial Steel Black Rubber Strap,Men,Black,,Stainless Steel,Strap,Rubber,,Diver,Standard (37-40mm),1,Patek Philippe;Aquanaut;Men;Black;Stainless Steel;Strap;Rubber;Diver;Standard (37-40mm)
Patek Philippe/Calatrava/Calatrava Black Dial Steel Black Strap,Patek Philippe,Calatrava,Calatrava Black Dial Steel Black Strap,Men,Black,,Stainless Steel,Strap,Leather,,,Standard (37-40mm),12,Patek Philippe;Calatrava;Men;Black;Stainless Steel;Strap;Leather;Standard (37-40mm)
Patek Philippe/Calatrava/Calatrava Pilot Black Dial Steel Carbon Strap,Patek Philippe,Calatrava,Calatrava Pilot Black Dial Steel Carbon Strap,Men,Black,,Stainless Steel,Strap,Carbon,,,Standard (37-40mm),2,Patek Philippe;Calatrava;Men;Black;Stainless Steel;Strap;Carbon;Standard (37-40mm)
Patek Philippe/Complications/Travel Time Annual Calendar Silver Dial Rose Gold Brown Strap,Patek Philippe,Complications,Travel Time Annual Calendar Silver Dial Rose Gold Brown Strap,Men,Silver,,Rose Gold,Strap,Leather,,Annual Calendar,Large (41-43mm),1,Patek Philippe;Complications;Men;Silver;Rose Gold;Strap;Leather;Annual Calendar;Large (41-43mm)
Patek Philippe/Cubitus/Cubitus Blue Dial White Gold Blue Fabric Strap,Patek Philippe,Cubitus,Cubitus Blue Dial White Gold Blue Fabric Strap,Men,Blue,,White Gold,Strap,Fabric,Octagonal Bezel,Integrated Bracelet Sport,Oversized (44mm+),1,Patek Philippe;Cubitus;Men;Blue;White Gold;Strap;Fabric;Octagonal Bezel;Integrated Bracelet Sport;Oversized (44mm+)
Patek Philippe/Cubitus/Cubitus Green Dial Steel Bracelet,Patek Philippe,Cubitus,Cubitus Green Dial Steel Bracelet,Men,Green,,Stainless Steel,Bracelet,Steel,Octagonal Bezel,Integrated Bracelet Sport,Oversized (44mm+),1,Patek Philippe;Cubitus;Men;Green;Stainless Steel;Bracelet;Steel;Octagonal Bezel;Integrated Bracelet Sport;Oversized (44mm+)
Patek Philippe/Cubitus/Cubitus Perpetual Calendar Blue Dial Blue Strap,Patek Philippe,Cubitus,Cubitus Perpetual Calendar Blue Dial Blue Strap,Men,Blue,,Stainless Steel,Strap,Fabric,Octagonal Bezel,Perpetual Calendar;Integrated Bracelet Sport,Oversized (44mm+),1,Patek Philippe;Cubitus;Men;Blue;Stainless Steel;Strap;Fabric;Octagonal Bezel;Perpetual Calendar;Integrated Bracelet Sport;Oversized (44mm+)
Patek Philippe/Grand Complications/Perpetual Calendar Moonphase Cream Dial White Gold Brown Leather Strap,Patek Philippe,Grand Complications,Perpetual Calendar Moonphase Cream Dial White Gold Brown Leather Strap,Men,Cream,,White Gold,Strap,Leather,,Moonphase;Perpetual Calendar,Standard (37-40mm),1,Patek Philippe;Grand Complications;Men;Cream;White Gold;Strap;Leather;Moonphase;Perpetual Calendar;Standard (37-40mm)
Patek Philippe/Nautilus/Nautilus Blue Dial Steel,Patek Philippe,Nautilus,Nautilus Blue Dial Steel,Women,Blue,,Stainless Steel,Bracelet,Steel,,Integrated Bracelet Sport,Mid (33-36mm),1,Patek Philippe;Nautilus;Women;Blue;Stainless Steel;Bracelet;Steel;Integrated Bracelet Sport;Mid (33-36mm)
Patek Philippe/Nautilus/Nautilus Blue Dial Steel Moon Phase Power Reserve,Patek Philippe,Nautilus,Nautilus Blue Dial Steel Moon Phase Power Reserve,Men,Blue,,Stainless Steel,Bracelet,Steel,,Moonphase;Integrated Bracelet Sport,Standard (37-40mm),1,Patek Philippe;Nautilus;Men;Blue;Stainless Steel;Bracelet;Steel;Moonphase;Integrated Bracelet Sport;Standard (37-40mm)
Patek Philippe/Nautilus/Nautilus Brown Dial Diamond Bezel Steel,Patek Philippe,Nautilus,Nautilus Brown Dial Diamond Bezel Steel,Women,Brown,Diamond Markers,Stainless Steel,Bracelet,Steel,Diamond Bezel,Diamond-Set;Integrated Bracelet Sport,Mid (33-36mm),1,Patek Philippe;Nautilus;Women;Brown;Diamond Markers;Stainless Steel;Bracelet;Steel;Diamond Bezel;Diamond-Set;Integrated Bracelet Sport;Mid (33-36mm)
Patek Philippe/Nautilus/Nautilus Brown Grey Dial Rose Gold Diamond Bezel,Patek Philippe,Nautilus,Nautilus Brown Grey Dial Rose Gold Diamond Bezel,Men,Brown,Diamond Markers,Rose Gold,Bracelet,Rose Gold,Diamond Bezel,Diamond-Set;Integrated Bracelet Sport,Standard (37-40mm),1,Patek Philippe;Nautilus;Men;Brown;Diamond Markers;Rose Gold;Bracelet;Diamond Bezel;Diamond-Set;Integrated Bracelet Sport;Standard (37-40mm)
Patek Philippe/Nautilus/Nautilus Chronograph Blue Dial Steel Denim Strap,Patek Philippe,Nautilus,Nautilus Chronograph Blue Dial Steel Denim Strap,Men,Blue,,Stainless Steel,Strap,Fabric,,Chronograph;Integrated Bracelet Sport,Large (41-43mm),1,Patek Philippe;Nautilus;Men;Blue;Stainless Steel;Strap;Fabric;Chronograph;Integrated Bracelet Sport;Large (41-43mm)
Patek Philippe/Nautilus/Nautilus Chronograph Blue Dial Steel Denim Strap 2,Patek Philippe,Nautilus,Nautilus Chronograph Blue Dial Steel Denim Strap,Men,Blue,,Stainless Steel,Strap,Fabric,,Chronograph;Integrated Bracelet Sport,Large (41-43mm),12,Patek Philippe;Nautilus;Men;Blue;Stainless Steel;Strap;Fabric;Chronograph;Integrated Bracelet Sport;Large (41-43mm)
Patek Philippe/Nautilus/Nautilus Diamond Bezel Blue Dial Black Strap,Patek Philippe,Nautilus,Nautilus Diamond Bezel Blue Dial Black Strap,Men,Blue,Diamond Markers,White Gold,Strap,Leather,Diamond Bezel,Diamond-Set;Integrated Bracelet Sport,Standard (37-40mm),1,Patek Philippe;Nautilus;Men;Blue;Diamond Markers;White Gold;Strap;Leather;Diamond Bezel;Diamond-Set;Integrated Bracelet Sport;Standard (37-40mm)
Patek Philippe/Nautilus/Nautilus Grey Dial Steel Smooth Bezel,Patek Philippe,Nautilus,Nautilus Grey Dial Steel Smooth Bezel,Women,Gray,,Stainless Steel,Bracelet,Steel,,Integrated Bracelet Sport,Mid (33-36mm),1,Patek Philippe;Nautilus;Women;Gray;Stainless Steel;Bracelet;Steel;Integrated Bracelet Sport;Mid (33-36mm)
Patek Philippe/Nautilus/Nautilus Ladies Rose Gold Golden Dial Diamond Bezel,Patek Philippe,Nautilus,Nautilus Ladies Rose Gold Golden Dial Diamond Bezel,Women,Pink,Diamond Markers,Rose Gold,Bracelet,Rose Gold,Diamond Bezel,Diamond-Set;Integrated Bracelet Sport,Mid (33-36mm),1,Patek Philippe;Nautilus;Women;Pink;Diamond Markers;Rose Gold;Bracelet;Diamond Bezel;Diamond-Set;Integrated Bracelet Sport;Mid (33-36mm)
Patek Philippe/Nautilus/Nautilus Ladies Rose Gold White Dial Diamond Bezel,Patek Philippe,Nautilus,Nautilus Ladies Rose Gold White Dial Diamond Bezel,Women,White,Diamond Markers,Rose Gold,Bracelet,Rose Gold,Diamond Bezel,Diamond-Set;Integrated Bracelet Sport,Ladies (<33mm),1,Patek Philippe;Nautilus;Women;White;Diamond Markers;Rose Gold;Bracelet;Diamond Bezel;Diamond-Set;Integrated Bracelet Sport;Ladies (<33mm)
Patek Philippe/Nautilus/Nautilus Ladies Rose Gold White Dial Diamond Bezel 2,Patek Philippe,Nautilus,Nautilus Ladies Rose Gold White Dial Diamond Bezel,Women,White,Diamond Markers,Rose Gold,Bracelet,Rose Gold,Diamond Bezel,Diamond-Set;Integrated Bracelet Sport,Mid (33-36mm),1,Patek Philippe;Nautilus;Women;White;Diamond Markers;Rose Gold;Bracelet;Diamond Bezel;Diamond-Set;Integrated Bracelet Sport;Mid (33-36mm)
Patek Philippe/Nautilus/Nautilus Perpetual Calendar Purple Dial Steel Bracelet,Patek Philippe,Nautilus,Nautilus Perpetual Calendar Purple Dial Steel Bracelet,Men,Purple,,Stainless Steel,Bracelet,Steel,,Perpetual Calendar;Integrated Bracelet Sport,Standard (37-40mm),1,Patek Philippe;Nautilus;Men;Purple;Stainless Steel;Bracelet;Steel;Perpetual Calendar;Integrated Bracelet Sport;Standard (37-40mm)
Patek Philippe/Nautilus/Nautilus Rose Gold Diamond Bezel Brown Dial Brown Strap,Patek Philippe,Nautilus,Nautilus Rose Gold Diamond Bezel Brown Dial Brown Strap,Men,Brown,Diamond Markers,Rose Gold,Strap,Leather,Diamond Bezel,Diamond-Set;Integrated Bracelet Sport,Standard (37-40mm),1,Patek Philippe;Nautilus;Men;Brown;Diamond Markers;Rose Gold;Strap;Leather;Diamond Bezel;Diamond-Set;Integrated Bracelet Sport;Standard (37-40mm)
Patek Philippe/Nautilus/Nautilus White Dial Steel Diamond Bezel,Patek Philippe,Nautilus,Nautilus White Dial Steel Diamond Bezel,Women,White,Diamond Markers,Stainless Steel,Bracelet,Steel,Diamond Bezel,Diamond-Set;Integrated Bracelet Sport,Mid (33-36mm),1,Patek Philippe;Nautilus;Women;White;Diamond Markers;Stainless Steel;Bracelet;Steel;Diamond Bezel;Diamond-Set;Integrated Bracelet Sport;Mid (33-36mm)
Patek Philippe/Nautilus/Nautilus White Dial Steel Smooth Bezel,Patek Philippe,Nautilus,Nautilus White Dial Steel Smooth Bezel,Women,White,,Stainless Steel,Bracelet,Steel,,Integrated Bracelet Sport,Mid (33-36mm),1,Patek Philippe;Nautilus;Women;White;Stainless Steel;Bracelet;Steel;Integrated Bracelet Sport;Mid (33-36mm)
Patek Philippe/World Time/World Time Black And Silver Dial White Gold Bracelet,Patek Philippe,World Time,World Time Black And Silver Dial White Gold Bracelet,Men,Black,,White Gold,Bracelet,White Gold,,GMT/World Time,Standard (37-40mm),1,Patek Philippe;World Time;Men;Black;White Gold;Bracelet;GMT/World Time;Standard (37-40mm)
Piaget/Polo/Polo Blue Dial Steel Blue Leather Strap,Piaget,Polo,Polo Blue Dial Steel Blue Leather Strap,Men,Blue,,Stainless Steel,Strap,Leather,,,Large (41-43mm),1,Piaget;Polo;Men;Blue;Stainless Steel;Strap;Leather;Large (41-43mm)
Richard Mille/RM 035/RM 035 Americas Skeleton Dial Rose Gold Black Rubber Strap,Richard Mille,RM 035,RM 035 Americas Skeleton Dial Rose Gold Black Rubber Strap,Men,,Skeleton,Rose Gold,Strap,Rubber,Tonneau Bezel,Skeleton,Oversized (44mm+),29,Richard Mille;RM 035;Men;Skeleton;Rose Gold;Strap;Rubber;Tonneau Bezel;Oversized (44mm+)
Richard Mille/RM 035/RM 035 Black Carbon Case Skeleton Dial White Rubber Strap,Richard Mille,RM 035,RM 035 Black Carbon Case Skeleton Dial White Rubber Strap,Men,,Skeleton,Carbon,Strap,Rubber,Tonneau Bezel,Skeleton,Oversized (44mm+),1,Richard Mille;RM 035;Men;Skeleton;Carbon;Strap;Rubber;Tonneau Bezel;Oversized (44mm+)
Richard Mille/RM 035/RM 035 Skeleton Black Ceramic Case Black Rubber Strap,Richard Mille,RM 035,RM 035 Skeleton Black Ceramic Case Black Rubber Strap,Men,,Skeleton,Ceramic,Strap,Rubber,Tonneau Bezel,Skeleton,Oversized (44mm+),1,Richard Mille;RM 035;Men;Skeleton;Ceramic;Strap;Rubber;Tonneau Bezel;Oversized (44mm+)
Richard Mille/RM 035/RM 035 Transparent Sapphire Case Black Inner Bezel White Rubber Strap,Richard Mille,RM 035,RM 035 Transparent Sapphire Case Black Inner Bezel White Rubber Strap,Men,,Skeleton,Sapphire Crystal,Strap,Rubber,,,Oversized (44mm+),1,Richard Mille;RM 035;Men;Skeleton;Sapphire Crystal;Strap;Rubber;Oversized (44mm+)
Richard Mille/RM 035/RM 035 Transparent Sapphire Case Blue Inner Bezel White Rubber Strap,Richard Mille,RM 035,RM 035 Transparent Sapphire Case Blue Inner Bezel White Rubber Strap,Men,,Skeleton,Sapphire Crystal,Strap,Rubber,,,Oversized (44mm+),1,Richard Mille;RM 035;Men;Skeleton;Sapphire Crystal;Strap;Rubber;Oversized (44mm+)
Richard Mille/RM 035/RM 035 Transparent Sapphire Case Rose Gold Inner Bezel White Rubber Strap,Richard Mille,RM 035,RM 035 Transparent Sapphire Case Rose Gold Inner Bezel White Rubber Strap,Men,,Skeleton,Sapphire Crystal,Strap,Rubber,,,Oversized (44mm+),1,Richard Mille;RM 035;Men;Skeleton;Sapphire Crystal;Strap;Rubber;Oversized (44mm+)
Richard Mille/RM 035/RM 035 Transparent Sapphire Case White Inner Bezel White Rubber Strap,Richard Mille,RM 035,RM 035 Transparent Sapphire Case White Inner Bezel White Rubber Strap,Men,,Skeleton,Sapphire Crystal,Strap,Rubber,,,Oversized (44mm+),1,Richard Mille;RM 035;Men;Skeleton;Sapphire Crystal;Strap;Rubber;Oversized (44mm+)
Richard Mille/RM 055/RM 055 Black Case Diamond Bezel Skeleton Dial Black Rubber Strap,Richard Mille,RM 055,RM 055 Black Case Diamond Bezel Skeleton Dial Black Rubber Strap,Men,,Skeleton;Diamond Markers,Carbon,Strap,Rubber,Diamond Bezel,Skeleton;Diamond-Set,Oversized (44mm+),1,Richard Mille;RM 055;Men;Skeleton;Diamond Markers;Carbon;Strap;Rubber;Diamond Bezel;Diamond-Set;Oversized (44mm+)
Richard Mille/RM 055/RM 055 Bubba Watson Black Ceramic Case Skeleton Dial Red Crown Black Strap,Richard Mille,RM 055,RM 055 Bubba Watson Black Ceramic Case Skeleton Dial Red Crown Black Strap,Men,,Skeleton,Ceramic,Strap,Rubber,Ceramic Bezel,Skeleton,Oversized (44mm+),16,Richard Mille;RM 055;Men;Skeleton;Ceramic;Strap;Rubber;Ceramic Bezel;Oversized (44mm+)
Richard Mille/RM 055/RM 055 Bubba Watson Black Ceramic Skeleton Dial Black Rubber Strap,Richard Mille,RM 055,RM 055 Bubba Watson Black Ceramic Skeleton Dial Black Rubber Strap,Men,,Skeleton,Ceramic,Strap,Rubber,Ceramic Bezel,Skeleton,Oversized (44mm+),14,Richard Mille;RM 055;Men;Skeleton;Ceramic;Strap;Rubber;Ceramic Bezel;Oversized (44mm+)
Richard Mille/RM 055/RM 055 Green Case Skeleton Dial Orange Rubber Strap,Richard Mille,RM 055,RM 055 Green Case Skeleton Dial Orange Rubber Strap,Men,,Skeleton,Carbon,Strap,Rubber,Tonneau Bezel,Skeleton,Oversized (44mm+),1,Richard Mille;RM 055;Men;Skeleton;Carbon;Strap;Rubber;Tonneau Bezel;Oversized (44mm+)
Richard Mille/RM 055/RM 055 Skeleton Black Ceramic Case Black Rubber Strap,Richard Mille,RM 055,RM 055 Skeleton Black Ceramic Case Black Rubber Strap,Men,,Skeleton,Ceramic,Strap,Rubber,Tonneau Bezel,Skeleton,Oversized (44mm+),1,Richard Mille;RM 055;Men;Skeleton;Ceramic;Strap;Rubber;Tonneau Bezel;Oversized (44mm+)
Richard Mille/RM 055/RM 055 Skeleton Black Ceramic Case Rose Gold Movement Black Rubber Strap,Richard Mille,RM 055,RM 055 Skeleton Black Ceramic Case Rose Gold Movement Black Rubber Strap,Men,,Skeleton,Ceramic,Strap,Rubber,Tonneau Bezel,Skeleton,Oversized (44mm+),1,Richard Mille;RM 055;Men;Skeleton;Ceramic;Strap;Rubber;Tonneau Bezel;Oversized (44mm+)
Richard Mille/RM 055/RM 055 Skeleton Black Ceramic Case Rose Gold Movement Black Rubber Strap 2,Richard Mille,RM 055,RM 055 Skeleton Black Ceramic Case Rose Gold Movement Black Rubber Strap,Men,,Skeleton,Ceramic,Strap,Rubber,Tonneau Bezel,Skeleton,Oversized (44mm+),1,Richard Mille;RM 055;Men;Skeleton;Ceramic;Strap;Rubber;Tonneau Bezel;Oversized (44mm+)
Richard Mille/RM 055/RM 055 Skeleton Black Ceramic Rose Gold Accents Black Rubber Strap,Richard Mille,RM 055,RM 055 Skeleton Black Ceramic Rose Gold Accents Black Rubber Strap,Men,,Skeleton,Ceramic,Strap,Rubber,Ceramic Bezel,Skeleton,Oversized (44mm+),14,Richard Mille;RM 055;Men;Skeleton;Ceramic;Strap;Rubber;Ceramic Bezel;Oversized (44mm+)
Richard Mille/RM 055/RM 055 White Case Skeleton Dial White Rubber Strap,Richard Mille,RM 055,RM 055 White Case Skeleton Dial White Rubber Strap,Men,,Skeleton,Ceramic,Strap,Rubber,Tonneau Bezel,Skeleton,Oversized (44mm+),1,Richard Mille;RM 055;Men;Skeleton;Ceramic;Strap;Rubber;Tonneau Bezel;Oversized (44mm+)
Richard Mille/RM 055/RM 055 White Ceramic Case Skeleton Dial White Rubber Strap,Richard Mille,RM 055,RM 055 White Ceramic Case Skeleton Dial White Rubber Strap,Men,,Skeleton,Ceramic,Strap,Rubber,Tonneau Bezel,Skeleton,Oversized (44mm+),1,Richard Mille;RM 055;Men;Skeleton;Ceramic;Strap;Rubber;Tonneau Bezel;Oversized (44mm+)
Richard Mille/RM 11-03/Flyback Chronograph Carbon Rose Gold Skeleton Dial Black Rubber Strap,Richard Mille,RM 11-03,Flyback Chronograph Carbon Rose Gold Skeleton Dial Black Rubber Strap,Men,,Skeleton,Rose Gold;Carbon TPT,Strap,Rubber,,Chronograph;Skeleton,Oversized (44mm+),1,Richard Mille;RM 11-03;Men;Skeleton;Rose Gold;Carbon TPT;Strap;Rubber;Chronograph;Oversized (44mm+)
Richard Mille/RM 11-03/McLaren Flyback Chronograph Carbon Orange Accents Black Rubber Strap,Richard Mille,RM 11-03,McLaren Flyback Chronograph Carbon Orange Accents Black Rubber Strap,Men,,Skeleton,Titanium;Carbon TPT,Strap,Rubber,,Chronograph,Oversized (44mm+),1,Richard Mille;RM 11-03;Men;Skeleton;Titanium;Carbon TPT;Strap;Rubber;Chronograph;Oversized (44mm+)
Richard Mille/RM 11-03/RM 11-03 Mclaren Flyback Chronograph Carbon Titanium Black Rubber Strap,Richard Mille,RM 11-03,RM 11-03 Mclaren Flyback Chronograph Carbon Titanium Black Rubber Strap,Men,,Skeleton,Titanium;Carbon TPT,Strap,Rubber,,Chronograph,Oversized (44mm+),3,Richard Mille;RM 11-03;Men;Skeleton;Titanium;Carbon TPT;Strap;Rubber;Chronograph;Oversized (44mm+)
Richard Mille/RM 21-02/RM 21-02 Tourbillon Aerodyne Green Carbon Skeleton Dial White Rubber Strap,Richard Mille,RM 21-02,RM 21-02 Tourbillon Aerodyne Green Carbon Skeleton Dial White Rubber Strap,Men,,Skeleton,Carbon TPT,Strap,Rubber,,Tourbillon;Skeleton,Oversized (44mm+),9,Richard Mille;RM 21-02;Men;Skeleton;Carbon TPT;Strap;Rubber;Tourbillon;Oversized (44mm+)
Richard Mille/RM 27-03/RM 27-03 Rafael Nadal Tourbillon Red Quartz TPT Black Skeleton Black Fabric Strap,Richard Mille,RM 27-03,RM 27-03 Rafael Nadal Tourbillon Red Quartz TPT Black Skeleton Black Fabric Strap,Men,,Skeleton,Carbon TPT,Strap,Fabric,,Tourbillon;Skeleton,Oversized (44mm+),15,Richard Mille;RM 27-03;Men;Skeleton;Carbon TPT;Strap;Fabric;Tourbillon;Oversized (44mm+)
Richard Mille/RM 27-03/RM 27-03 Rafael Nadal Yellow Red Quartz TPT Skeleton Yellow Strap,Richard Mille,RM 27-03,RM 27-03 Rafael Nadal Yellow Red Quartz TPT Skeleton Yellow Strap,Men,,Skeleton,Quartz TPT,Strap,Fabric,,Skeleton,Oversized (44mm+),13,Richard Mille;RM 27-03;Men;Skeleton;Quartz TPT;Strap;Fabric;Oversized (44mm+)
Richard Mille/RM 27-04/Tourbillon Red Carbon Black Skeleton Dial Black Fabric Strap,Richard Mille,RM 27-04,Tourbillon Red Carbon Black Skeleton Dial Black Fabric Strap,Men,,Skeleton,Carbon TPT,Strap,Fabric,,Tourbillon;Skeleton,Oversized (44mm+),1,Richard Mille;RM 27-04;Men;Skeleton;Carbon TPT;Strap;Fabric;Tourbillon;Oversized (44mm+)
Richard Mille/RM 27-04/Tourbillon Yellow Carbon Black Skeleton Dial Yellow Fabric Strap,Richard Mille,RM 27-04,Tourbillon Yellow Carbon Black Skeleton Dial Yellow Fabric Strap,Men,,Skeleton,Carbon TPT,Strap,Fabric,,Tourbillon;Skeleton,Oversized (44mm+),1,Richard Mille;RM 27-04;Men;Skeleton;Carbon TPT;Strap;Fabric;Tourbillon;Oversized (44mm+)
Richard Mille/RM 35-01/RM 35-01 Rafael Nadal Black Carbon Skeleton Dial Red Strap,Richard Mille,RM 35-01,RM 35-01 Rafael Nadal Black Carbon Skeleton Dial Red Strap,Men,,Skeleton,Carbon TPT,Strap,Rubber,,Skeleton,Oversized (44mm+),14,Richard Mille;RM 35-01;Men;Skeleton;Carbon TPT;Strap;Rubber;Oversized (44mm+)
Richard Mille/RM 35-01/RM 35-01 Rafael Nadal Black Carbon TPT Skeleton Dial Black Strap,Richard Mille,RM 35-01,RM 35-01 Rafael Nadal Black Carbon TPT Skeleton Dial Black Strap,Men,,Skeleton,Carbon TPT,Strap,Rubber,,Skeleton,Oversized (44mm+),3,Richard Mille;RM 35-01;Men;Skeleton;Carbon TPT;Strap;Rubber;Oversized (44mm+)
Richard Mille/RM 35-01/RM 35-01 Rafael Nadal Sapphire Crystal Case Skeleton Dial Black Strap,Richard Mille,RM 35-01,RM 35-01 Rafael Nadal Sapphire Crystal Case Skeleton Dial Black Strap,Men,,Skeleton,Sapphire Crystal,Strap,Rubber,,Skeleton,Oversized (44mm+),16,Richard Mille;RM 35-01;Men;Skeleton;Sapphire Crystal;Strap;Rubber;Oversized (44mm+)
Richard Mille/RM 35-01/RM 35-01 Rafael Nadal White Quartz TPT Skeleton Dial Black Strap,Richard Mille,RM 35-01,RM 35-01 Rafael Nadal White Quartz TPT Skeleton Dial Black Strap,Men,,Skeleton,Quartz TPT,Strap,Rubber,,Skeleton,Oversized (44mm+),15,Richard Mille;RM 35-01;Men;Skeleton;Quartz TPT;Strap;Rubber;Oversized (44mm+)
Richard Mille/RM 35-02/RM 35-02 Rafael Nadal Black Carbon TPT Skeleton Dial Red Crown Black Strap,Richard Mille,RM 35-02,RM 35-02 Rafael Nadal Black Carbon TPT Skeleton Dial Red Crown Black Strap,Men,,Skeleton,Carbon TPT,Strap,Rubber,,Skeleton,Oversized (44mm+),11,Richard Mille;RM 35-02;Men;Skeleton;Carbon TPT;Strap;Rubber;Oversized (44mm+)
Richard Mille/RM 35-02/RM 35-02 Rafael Nadal Red Quartz TPT Skeleton Dial Red Rubber Strap,Richard Mille,RM 35-02,RM 35-02 Rafael Nadal Red Quartz TPT Skeleton Dial Red Rubber Strap,Men,,Skeleton,Quartz TPT,Strap,Rubber,,Skeleton,Oversized (44mm+),15,Richard Mille;RM 35-02;Men;Skeleton;Quartz TPT;Strap;Rubber;Oversized (44mm+)
Richard Mille/RM 35-02/RM 35-02 Skeleton Black Carbon Case Black Rubber Strap,Richard Mille,RM 35-02,RM 35-02 Skeleton Black Carbon Case Black Rubber Strap,Men,,Skeleton,Carbon,Strap,Rubber,Tonneau Bezel,Skeleton,Oversized (44mm+),1,Richard Mille;RM 35-02;Men;Skeleton;Carbon;Strap;Rubber;Tonneau Bezel;Oversized (44mm+)
Richard Mille/RM 35-02/RM 35-02 Skeleton Black Carbon Case Red Rubber Strap,Richard Mille,RM 35-02,RM 35-02 Skeleton Black Carbon Case Red Rubber Strap,Men,,Skeleton,Carbon,Strap,Rubber,Tonneau Bezel,Skeleton,Oversized (44mm+),1,Richard Mille;RM 35-02;Men;Skeleton;Carbon;Strap;Rubber;Tonneau Bezel;Oversized (44mm+)
Richard Mille/RM 35-02/RM 35-02 Skeleton Black Carbon Case White Rubber Strap,Richard Mille,RM 35-02,RM 35-02 Skeleton Black Carbon Case White Rubber Strap,Men,,Skeleton,Carbon,Strap,Rubber,Tonneau Bezel,Skeleton,Oversized (44mm+),1,Richard Mille;RM 35-02;Men;Skeleton;Carbon;Strap;Rubber;Tonneau Bezel;Oversized (44mm+)
Richard Mille/RM 35-02/RM 35-02 Skeleton Red Carbon Case Red Rubber Strap,Richard Mille,RM 35-02,RM 35-02 Skeleton Red Carbon Case Red Rubber Strap,Men,,Skeleton,Carbon,Strap,Rubber,Tonneau Bezel,Skeleton,Oversized (44mm+),1,Richard Mille;RM 35-02;Men;Skeleton;Carbon;Strap;Rubber;Tonneau Bezel;Oversized (44mm+)
Richard Mille/RM 35-02/RM 35-02 Skeleton Red Carbon Case Red Rubber Strap 2,Richard Mille,RM 35-02,RM 35-02 Skeleton Red Carbon Case Red Rubber Strap,Men,,Skeleton,Carbon,Strap,Rubber,Tonneau Bezel,Skeleton,Oversized (44mm+),1,Richard Mille;RM 35-02;Men;Skeleton;Carbon;Strap;Rubber;Tonneau Bezel;Oversized (44mm+)
Richard Mille/RM 35-02/RM 35-02 Skeleton White Quartz Case Black Rubber Strap,Richard Mille,RM 35-02,RM 35-02 Skeleton White Quartz Case Black Rubber Strap,Men,,Skeleton,Quartz TPT,Strap,Rubber,Tonneau Bezel,Skeleton,Oversized (44mm+),1,Richard Mille;RM 35-02;Men;Skeleton;Quartz TPT;Strap;Rubber;Tonneau Bezel;Oversized (44mm+)
Richard Mille/RM 35-03/RM 35-03 Automatic Light Blue Quartz TPT Skeleton Dial Blue Rubber Strap,Richard Mille,RM 35-03,RM 35-03 Automatic Light Blue Quartz TPT Skeleton Dial Blue Rubber Strap,Men,,Skeleton,Quartz TPT,Strap,Rubber,,Skeleton,Oversized (44mm+),30,Richard Mille;RM 35-03;Men;Skeleton;Quartz TPT;Strap;Rubber;Oversized (44mm+)
Richard Mille/RM 35-03/RM 35-03 Rafael Nadal Carbon TPT Black Skeleton Dial Black Rubber Strap,Richard Mille,RM 35-03,RM 35-03 Rafael Nadal Carbon TPT Black Skeleton Dial Black Rubber Strap,Men,Black,Skeleton,Carbon TPT,Strap,Rubber,,Skeleton,Oversized (44mm+),16,Richard Mille;RM 35-03;Men;Black;Skeleton;Carbon TPT;Strap;Rubber;Oversized (44mm+)
Richard Mille/RM 35-03/RM 35-03 Rafael Nadal Orange Quartz TPT Case Black Rubber Strap,Richard Mille,RM 35-03,RM 35-03 Rafael Nadal Orange Quartz TPT Case Black Rubber Strap,Men,,Skeleton,Quartz TPT,Strap,Rubber,,,Oversized (44mm+),17,Richard Mille;RM 35-03;Men;Skeleton;Quartz TPT;Strap;Rubber;Oversized (44mm+)
Richard Mille/RM 35-03/RM 35-03 Rafael Nadal Skeleton Blue Quartz TPT White Strap Red Crown,Richard Mille,RM 35-03,RM 35-03 Rafael Nadal Skeleton Blue Quartz TPT White Strap Red Crown,Men,,Skeleton,Quartz TPT,Strap,Rubber,,Skeleton,Oversized (44mm+),9,Richard Mille;RM 35-03;Men;Skeleton;Quartz TPT;Strap;Rubber;Oversized (44mm+)
Richard Mille/RM 35-03/White Quartz TPT Black Skeleton Dial Black Rubber Strap,Richard Mille,RM 35-03,White Quartz TPT Black Skeleton Dial Black Rubber Strap,Men,,Skeleton,Quartz TPT,Strap,Rubber,,Skeleton,Oversized (44mm+),1,Richard Mille;RM 35-03;Men;Skeleton;Quartz TPT;Strap;Rubber;Oversized (44mm+)
Richard Mille/RM 56-02/Sapphire Transparent Case Skeleton Dial Black Rubber Strap,Richard Mille,RM 56-02,Sapphire Transparent Case Skeleton Dial Black Rubber Strap,Men,,Skeleton,Sapphire Crystal,Strap,Rubber,,Skeleton,Oversized (44mm+),1,Richard Mille;RM 56-02;Men;Skeleton;Sapphire Crystal;Strap;Rubber;Oversized (44mm+)
Richard Mille/RM 61-01/RM 61-01 White Skeleton Dial Ceramic Black Rubber Strap,Richard Mille,RM 61-01,RM 61-01 White Skeleton Dial Ceramic Black Rubber Strap,Men,,Skeleton,Ceramic,Strap,Rubber,Ceramic Bezel,Skeleton,Oversized (44mm+),13,Richard Mille;RM 61-01;Men;Skeleton;Ceramic;Strap;Rubber;Ceramic Bezel;Oversized (44mm+)
Richard Mille/RM 65-01/RM 65-01 Mclaren Split-Seconds Chronograph Carbon Titanium Orange Accents Black Strap,Richard Mille,RM 65-01,RM 65-01 Mclaren Split-Seconds Chronograph Carbon Titanium Orange Accents Black Strap,Men,,Skeleton,Carbon TPT,Strap,Rubber,,Chronograph,Oversized (44mm+),9,Richard Mille;RM 65-01;Men;Skeleton;Carbon TPT;Strap;Rubber;Chronograph;Oversized (44mm+)
Richard Mille/RM 67-01/RM 67-01 Extra Flat Skeleton Black Ceramic Black Rubber Strap,Richard Mille,RM 67-01,RM 67-01 Extra Flat Skeleton Black Ceramic Black Rubber Strap,Unisex,,Skeleton,Ceramic,Strap,Rubber,,Skeleton,Standard (37-40mm),1,Richard Mille;RM 67-01;Unisex;Skeleton;Ceramic;Strap;Rubber;Standard (37-40mm)
Richard Mille/RM 67-01/RM 67-01 Extra Flat Skeleton Rose Gold Black Rubber Strap,Richard Mille,RM 67-01,RM 67-01 Extra Flat Skeleton Rose Gold Black Rubber Strap,Unisex,,Skeleton,Rose Gold,Strap,Rubber,,Skeleton,Standard (37-40mm),1,Richard Mille;RM 67-01;Unisex;Skeleton;Rose Gold;Strap;Rubber;Standard (37-40mm)
Richard Mille/RM 67-01/RM 67-01 Extra Flat Skeleton Rose Gold Black Rubber Strap 2,Richard Mille,RM 67-01,RM 67-01 Extra Flat Skeleton Rose Gold Black Rubber Strap,Unisex,,Skeleton,Rose Gold,Strap,Rubber,,Skeleton,Standard (37-40mm),1,Richard Mille;RM 67-01;Unisex;Skeleton;Rose Gold;Strap;Rubber;Standard (37-40mm)
Richard Mille/RM 67-01/RM 67-01 Extra Flat Skeleton Titanium Black Rubber Strap,Richard Mille,RM 67-01,RM 67-01 Extra Flat Skeleton Titanium Black Rubber Strap,Men,,Skeleton,Titanium,Strap,Rubber,,Skeleton,Standard (37-40mm),14,Richard Mille;RM 67-01;Men;Skeleton;Titanium;Strap;Rubber;Standard (37-40mm)
Richard Mille/RM 67-01/RM 67-01 Extra Flat Skeleton Titanium Black Rubber Strap 2,Richard Mille,RM 67-01,RM 67-01 Extra Flat Skeleton Titanium Black Rubber Strap,Unisex,,Skeleton,Titanium,Strap,Rubber,,Skeleton,Standard (37-40mm),1,Richard Mille;RM 67-01;Unisex;Skeleton;Titanium;Strap;Rubber;Standard (37-40mm)
Richard Mille/RM 67-01/RM 67-01 Extra Flat Skeleton White Quartz TPT White Rubber Strap,Richard Mille,RM 67-01,RM 67-01 Extra Flat Skeleton White Quartz TPT White Rubber Strap,Unisex,,Skeleton,Quartz TPT,Strap,Rubber,,Skeleton,Standard (37-40mm),2,Richard Mille;RM 67-01;Unisex;Skeleton;Quartz TPT;Strap;Rubber;Standard (37-40mm)
Richard Mille/RM 88/RM 88 Smiley Tourbillon White Ceramic Rose Gold Caseband,Richard Mille,RM 88,RM 88 Smiley Tourbillon White Ceramic Rose Gold Caseband,Men,,Skeleton,Ceramic,Strap,Rubber,Ceramic Bezel,Tourbillon,Oversized (44mm+),17,Richard Mille;RM 88;Men;Skeleton;Ceramic;Strap;Rubber;Ceramic Bezel;Tourbillon;Oversized (44mm+)
Richard Mille/RM 88/RM 88 Smiley White Ceramic Case Skeleton Art Dial Yellow Strap,Richard Mille,RM 88,RM 88 Smiley White Ceramic Case Skeleton Art Dial Yellow Strap,Unisex,Multicolor,Skeleton,Ceramic,Strap,Fabric,Tonneau Bezel,Tourbillon;Skeleton,Oversized (44mm+),1,Richard Mille;RM 88;Unisex;Multicolor;Skeleton;Ceramic;Strap;Fabric;Tonneau Bezel;Tourbillon;Oversized (44mm+)
Roger Dubuis/Excalibur/Excalibur Skeleton Flying Tourbillon Steel Black Strap,Roger Dubuis,Excalibur,Excalibur Skeleton Flying Tourbillon Steel Black Strap,Men,,Skeleton,Stainless Steel,Strap,Leather,,Tourbillon;Skeleton,Large (41-43mm),2,Roger Dubuis;Excalibur;Men;Skeleton;Stainless Steel;Strap;Leather;Tourbillon;Large (41-43mm)
Rolex/Cellini/Cellini Moonphase White Dial Rose Gold Black Strap,Rolex,Cellini,Cellini Moonphase White Dial Rose Gold Black Strap,Men,White,,Rose Gold,Strap,Leather,Fluted Bezel,Moonphase,Standard (37-40mm),1,Rolex;Cellini;Men;White;Rose Gold;Strap;Leather;Fluted Bezel;Moonphase;Standard (37-40mm)
Rolex/Cellini/Cellini Moonphase White Dial Rose Gold Brown Strap,Rolex,Cellini,Cellini Moonphase White Dial Rose Gold Brown Strap,Men,White,,Rose Gold,Strap,Leather,Fluted Bezel,Moonphase,Standard (37-40mm),1,Rolex;Cellini;Men;White;Rose Gold;Strap;Leather;Fluted Bezel;Moonphase;Standard (37-40mm)
Rolex/Cellini/Cellini Silver Guilloche Dial Steel Black Leather Strap,Rolex,Cellini,Cellini Silver Guilloche Dial Steel Black Leather Strap,Men,Silver,,Stainless Steel,Strap,Leather,,,Standard (37-40mm),1,Rolex;Cellini;Men;Silver;Stainless Steel;Strap;Leather;Standard (37-40mm)
Rolex/Cosmograph Daytona/Cosmograph Daytona Black Dial Black Bezel Steel,Rolex,Cosmograph Daytona,Cosmograph Daytona Black Dial Black Bezel Steel,Men,Black,,Stainless Steel,Bracelet,Steel,Ceramic Bezel,Chronograph,Standard (37-40mm),1,Rolex;Cosmograph Daytona;Men;Black;Stainless Steel;Bracelet;Steel;Ceramic Bezel;Chronograph;Standard (37-40mm)
Rolex/Cosmograph Daytona/Cosmograph Daytona Green Dial Yellow Gold Tachymeter Bezel Oyster Bracelet,Rolex,Cosmograph Daytona,Cosmograph Daytona Green Dial Yellow Gold Tachymeter Bezel Oyster Bracelet,Men,Green,,Yellow Gold,Bracelet,Yellow Gold,Tachymeter Bezel,Chronograph,Standard (37-40mm),1,Rolex;Cosmograph Daytona;Men;Green;Yellow Gold;Bracelet;Tachymeter Bezel;Chronograph;Standard (37-40mm)
Rolex/Cosmograph Daytona/Cosmograph Daytona Platinum Ice Blue Dial Brown Bezel Bracelet,Rolex,Cosmograph Daytona,Cosmograph Daytona Platinum Ice Blue Dial Brown Bezel Bracelet,Men,Ice Blue,,Platinum,Bracelet,Platinum,Ceramic Bezel;Tachymeter Bezel,Chronograph,Standard (37-40mm),1,Rolex;Cosmograph Daytona;Men;Ice Blue;Platinum;Bracelet;Ceramic Bezel;Tachymeter Bezel;Chronograph;Standard (37-40mm)
Rolex/Cosmograph Daytona/Cosmograph Daytona Steel Dial Black Bezel Rubber Strap,Rolex,Cosmograph Daytona,Cosmograph Daytona Steel Dial Black Bezel Rubber Strap,Men,Gray,,Stainless Steel,Strap,Rubber,Ceramic Bezel,Chronograph,Standard (37-40mm),1,Rolex;Cosmograph Daytona;Men;Gray;Stainless Steel;Strap;Rubber;Ceramic Bezel;Chronograph;Standard (37-40mm)
Rolex/Cosmograph Daytona/Cosmograph Daytona Steel Dial Black Ceramic Bezel Oysterflex Strap,Rolex,Cosmograph Daytona,Cosmograph Daytona Steel Dial Black Ceramic Bezel Oysterflex Strap,Men,Gray,,White Gold,Strap,Rubber,Ceramic Bezel;Tachymeter Bezel,Chronograph,Standard (37-40mm),16,Rolex;Cosmograph Daytona;Men;Gray;White Gold;Strap;Rubber;Ceramic Bezel;Tachymeter Bezel;Chronograph;Standard (37-40mm)
Rolex/Cosmograph Daytona/Cosmograph Daytona Steel Gray Dial Black Ceramic Bezel Black Rubber Strap,Rolex,Cosmograph Daytona,Cosmograph Daytona Steel Gray Dial Black Ceramic Bezel Black Rubber Strap,Men,Gray,,Stainless Steel,Strap,Rubber,Ceramic Bezel,Chronograph,Standard (37-40mm),1,Rolex;Cosmograph Daytona;Men;Gray;Stainless Steel;Strap;Rubber;Ceramic Bezel;Chronograph;Standard (37-40mm)
Rolex/Cosmograph Daytona/Cosmograph Daytona Turquoise Dial Yellow Gold Black Bezel Rubber Strap,Rolex,Cosmograph Daytona,Cosmograph Daytona Turquoise Dial Yellow Gold Black Bezel Rubber Strap,Men,Turquoise,,Yellow Gold,Strap,Rubber,Ceramic Bezel,Chronograph,Standard (37-40mm),1,Rolex;Cosmograph Daytona;Men;Turquoise;Yellow Gold;Strap;Rubber;Ceramic Bezel;Chronograph;Standard (37-40mm)
Rolex/Cosmograph Daytona/Cosmograph Daytona White Dial Black Bezel Steel,Rolex,Cosmograph Daytona,Cosmograph Daytona White Dial Black Bezel Steel,Men,White,,Stainless Steel,Bracelet,Steel,Ceramic Bezel,Chronograph,Standard (37-40mm),1,Rolex;Cosmograph Daytona;Men;White;Stainless Steel;Bracelet;Steel;Ceramic Bezel;Chronograph;Standard (37-40mm)
Rolex/Cosmograph Daytona/Cosmograph Daytona White Dial Black Bezel Steel 2,Rolex,Cosmograph Daytona,Cosmograph Daytona White Dial Black Bezel Steel,Men,White,,Stainless Steel,Bracelet,Steel,Ceramic Bezel;Tachymeter Bezel,Chronograph,Standard (37-40mm),1,Rolex;Cosmograph Daytona;Men;White;Stainless Steel;Bracelet;Steel;Ceramic Bezel;Tachymeter Bezel;Chronograph;Standard (37-40mm)
Rolex/Cosmograph Daytona/Cosmograph Daytona White Dial Black Bezel Steel 3,Rolex,Cosmograph Daytona,Cosmograph Daytona White Dial Black Bezel Steel,Men,White,,Stainless Steel,Bracelet,Steel,Ceramic Bezel;Tachymeter Bezel,Chronograph,Standard (37-40mm),2,Rolex;Cosmograph Daytona;Men;White;Stainless Steel;Bracelet;Steel;Ceramic Bezel;Tachymeter Bezel;Chronograph;Standard (37-40mm)
Rolex/Cosmograph Daytona/Cosmograph Daytona White Dial Steel,Rolex,Cosmograph Daytona,Cosmograph Daytona White Dial Steel,Men,White,,Stainless Steel,Bracelet,Steel,Ceramic Bezel;Tachymeter Bezel,Chronograph,Standard (37-40mm),2,Rolex;Cosmograph Daytona;Men;White;Stainless Steel;Bracelet;Steel;Ceramic Bezel;Tachymeter Bezel;Chronograph;Standard (37-40mm)
Rolex/Cosmograph Daytona/Cosmograph Daytona White Dial Steel Black Bezel,Rolex,Cosmograph Daytona,Cosmograph Daytona White Dial Steel Black Bezel,Men,White,,Stainless Steel,Bracelet,Steel,Ceramic Bezel,Chronograph,Standard (37-40mm),1,Rolex;Cosmograph Daytona;Men;White;Stainless Steel;Bracelet;Steel;Ceramic Bezel;Chronograph;Standard (37-40mm)
Rolex/Cosmograph Daytona/Cosmograph Daytona White Dial Steel Black Ceramic Bezel,Rolex,Cosmograph Daytona,Cosmograph Daytona White Dial Steel Black Ceramic Bezel,Men,White,,Stainless Steel,Bracelet,Steel,Ceramic Bezel;Tachymeter Bezel,Chronograph,Standard (37-40mm),1,Rolex;Cosmograph Daytona;Men;White;Stainless Steel;Bracelet;Steel;Ceramic Bezel;Tachymeter Bezel;Chronograph;Standard (37-40mm)
Rolex/Cosmograph Daytona/Cosmograph Daytona White Dial Steel Black Ceramic Bezel Bracelet,Rolex,Cosmograph Daytona,Cosmograph Daytona White Dial Steel Black Ceramic Bezel Bracelet,Men,White,,Stainless Steel,Bracelet,Steel,Ceramic Bezel;Tachymeter Bezel,Chronograph,Standard (37-40mm),1,Rolex;Cosmograph Daytona;Men;White;Stainless Steel;Bracelet;Steel;Ceramic Bezel;Tachymeter Bezel;Chronograph;Standard (37-40mm)
Rolex/Cosmograph Daytona/Cosmograph Daytona White Dial Steel Black Ceramic Bezel Bracelet 2,Rolex,Cosmograph Daytona,Cosmograph Daytona White Dial Steel Black Ceramic Bezel Bracelet,Men,White,,Stainless Steel,Bracelet,Steel,Ceramic Bezel;Tachymeter Bezel,Chronograph,Standard (37-40mm),1,Rolex;Cosmograph Daytona;Men;White;Stainless Steel;Bracelet;Steel;Ceramic Bezel;Tachymeter Bezel;Chronograph;Standard (37-40mm)
Rolex/Cosmograph Daytona/Cosmograph Daytona White Panda Dial Steel Black Ceramic Bezel,Rolex,Cosmograph Daytona,Cosmograph Daytona White Panda Dial Steel Black Ceramic Bezel,Men,White,,Stainless Steel,Bracelet,Steel,Ceramic Bezel;Tachymeter Bezel,Chronograph,Standard (37-40mm),1,Rolex;Cosmograph Daytona;Men;White;Stainless Steel;Bracelet;Steel;Ceramic Bezel;Tachymeter Bezel;Chronograph;Standard (37-40mm)
Rolex/Datejust/Datejust 41 Blue Roman Dial Steel Fluted Bezel Jubilee Bracelet,Rolex,Datejust,Datejust 41 Blue Roman Dial Steel Fluted Bezel Jubilee Bracelet,Men,Blue,,Stainless Steel,Bracelet,Steel,Fluted Bezel,Date,Large (41-43mm),1,Rolex;Datejust;Men;Blue;Stainless Steel;Bracelet;Steel;Fluted Bezel;Date;Large (41-43mm)
Rolex/Datejust/Datejust Black Diamond Dial Steel Fluted Bezel Oyster Bracelet,Rolex,Datejust,Datejust Black Diamond Dial Steel Fluted Bezel Oyster Bracelet,Men,Black,Diamond Markers,Stainless Steel,Bracelet,Steel,Fluted Bezel,Date;Diamond-Set,Mid (33-36mm),1,Rolex;Datejust;Men;Black;Diamond Markers;Stainless Steel;Bracelet;Steel;Fluted Bezel;Date;Diamond-Set;Mid (33-36mm)
Rolex/Datejust/Datejust Blue Dial Steel Fluted Bezel Jubilee Bracelet,Rolex,Datejust,Datejust Blue Dial Steel Fluted Bezel Jubilee Bracelet,Unisex,Blue,,Stainless Steel,Bracelet,Steel,Fluted Bezel,Date,Mid (33-36mm),1,Rolex;Datejust;Unisex;Blue;Stainless Steel;Bracelet;Steel;Fluted Bezel;Date;Mid (33-36mm)
Rolex/Datejust/Datejust Blue Diamond Dial Steel Fluted Bezel Oyster Bracelet,Rolex,Datejust,Datejust Blue Diamond Dial Steel Fluted Bezel Oyster Bracelet,Men,Blue,Diamond Markers,Stainless Steel,Bracelet,Steel,Fluted Bezel,Date;Diamond-Set,Mid (33-36mm),1,Rolex;Datejust;Men;Blue;Diamond Markers;Stainless Steel;Bracelet;Steel;Fluted Bezel;Date;Diamond-Set;Mid (33-36mm)
Rolex/Datejust/Datejust Blue Fluted Motif Dial Steel Fluted Bezel Jubilee Bracelet,Rolex,Datejust,Datejust Blue Fluted Motif Dial Steel Fluted Bezel Jubilee Bracelet,Men,Blue,,Stainless Steel,Bracelet,Steel,Fluted Bezel,Date,Large (41-43mm),1,Rolex;Datejust;Men;Blue;Stainless Steel;Bracelet;Steel;Fluted Bezel;Date;Large (41-43mm)
Rolex/Datejust/Datejust Blue Roman Dial Steel Fluted Bezel Jubilee Bracelet,Rolex,Datejust,Datejust Blue Roman Dial Steel Fluted Bezel Jubilee Bracelet,Men,Blue,,Stainless Steel,Bracelet,Steel,Fluted Bezel,Date,Large (41-43mm),1,Rolex;Datejust;Men;Blue;Stainless Steel;Bracelet;Steel;Fluted Bezel;Date;Large (41-43mm)
Rolex/Datejust/Datejust Chocolate Dial Steel And Rose Gold Fluted Bezel Jubilee,Rolex,Datejust,Datejust Chocolate Dial Steel And Rose Gold Fluted Bezel Jubilee,Women,Brown,,Stainless Steel;Rose Gold;Two-Tone,Bracelet,Two-Tone,Fluted Bezel,Date,Ladies (<33mm),1,Rolex;Datejust;Women;Brown;Stainless Steel;Rose Gold;Two-Tone;Bracelet;Fluted Bezel;Date;Ladies (<33mm)
Rolex/Datejust/Datejust Green Dial Steel Fluted Bezel Jubilee Bracelet,Rolex,Datejust,Datejust Green Dial Steel Fluted Bezel Jubilee Bracelet,Men,Green,,Stainless Steel,Bracelet,Steel,Fluted Bezel,Date,Large (41-43mm),1,Rolex;Datejust;Men;Green;Stainless Steel;Bracelet;Steel;Fluted Bezel;Date;Large (41-43mm)
Rolex/Datejust/Datejust Green Fluted Motif Dial Steel Fluted Bezel Jubilee Bracelet,Rolex,Datejust,Datejust Green Fluted Motif Dial Steel Fluted Bezel Jubilee Bracelet,Men,Green,,Stainless Steel,Bracelet,Steel,Fluted Bezel,Date,Large (41-43mm),1,Rolex;Datejust;Men;Green;Stainless Steel;Bracelet;Steel;Fluted Bezel;Date;Large (41-43mm)
Rolex/Datejust/Datejust Green Palm Motif Diamond Dial Steel Fluted Bezel Jubilee Bracelet,Rolex,Datejust,Datejust Green Palm Motif Diamond Dial Steel Fluted Bezel Jubilee Bracelet,Unisex,Green,Diamond Markers,Stainless Steel,Bracelet,Steel,Fluted Bezel,Date;Diamond-Set,Mid (33-36mm),1,Rolex;Datejust;Unisex;Green;Diamond Markers;Stainless Steel;Bracelet;Steel;Fluted Bezel;Date;Diamond-Set;Mid (33-36mm)
Rolex/Datejust/Datejust Olive Green Palm Motif Dial Steel Fluted Bezel Oyster Bracelet,Rolex,Datejust,Datejust Olive Green Palm Motif Dial Steel Fluted Bezel Oyster Bracelet,Men,Green,,Stainless Steel,Bracelet,Steel,Fluted Bezel,Date,Mid (33-36mm),1,Rolex;Datejust;Men;Green;Stainless Steel;Bracelet;Steel;Fluted Bezel;Date;Mid (33-36mm)
Rolex/Datejust/Datejust Rhodium Dial Fluted Bezel Jubilee,Rolex,Datejust,Datejust Rhodium Dial Fluted Bezel Jubilee,Men,Gray,,Stainless Steel,Bracelet,Steel,Fluted Bezel,Date,Large (41-43mm),1,Rolex;Datejust;Men;Gray;Stainless Steel;Bracelet;Steel;Fluted Bezel;Date;Large (41-43mm)
Rolex/Datejust/Datejust Silver Honeycomb Dial Fluted Bezel Jubilee,Rolex,Datejust,Datejust Silver Honeycomb Dial Fluted Bezel Jubilee,Unisex,Silver,,Stainless Steel,Bracelet,Steel,Fluted Bezel,Date,Mid (33-36mm),1,Rolex;Datejust;Unisex;Silver;Stainless Steel;Bracelet;Steel;Fluted Bezel;Date;Mid (33-36mm)
Rolex/Datejust/Datejust Slate Wimbledon Dial Steel Fluted Bezel Oyster Bracelet,Rolex,Datejust,Datejust Slate Wimbledon Dial Steel Fluted Bezel Oyster Bracelet,Men,Gray,,Stainless Steel,Bracelet,Steel,Fluted Bezel,Date,Mid (33-36mm),1,Rolex;Datejust;Men;Gray;Stainless Steel;Bracelet;Steel;Fluted Bezel;Date;Mid (33-36mm)
Rolex/Datejust/Datejust Two Tone Steel Rose Gold Brown Computer Diamond Dial Fluted Bezel Oyster Bracelet,Rolex,Datejust,Datejust Two Tone Steel Rose Gold Brown Computer Diamond Dial Fluted Bezel Oyster Bracelet,Unisex,Brown,Diamond Markers,Stainless Steel;Rose Gold;Two-Tone,Bracelet,Two-Tone,Fluted Bezel,Date;Diamond-Set,Mid (33-36mm),1,Rolex;Datejust;Unisex;Brown;Diamond Markers;Stainless Steel;Rose Gold;Two-Tone;Bracelet;Fluted Bezel;Date;Diamond-Set;Mid (33-36mm)
Rolex/Datejust/Datejust White Mother Of Pearl Diamond Dial Fluted Bezel Steel Jubilee Bracelet,Rolex,Datejust,Datejust White Mother Of Pearl Diamond Dial Fluted Bezel Steel Jubilee Bracelet,Women,Mother of Pearl,Mother of Pearl;Diamond Markers,Stainless Steel,Bracelet,Steel,Fluted Bezel,Date;Diamond-Set,Ladies (<33mm),1,Rolex;Datejust;Women;Mother of Pearl;Diamond Markers;Stainless Steel;Bracelet;Steel;Fluted Bezel;Date;Diamond-Set;Ladies (<33mm)
Rolex/Datejust/Datejust White Mother Of Pearl Diamond Dial Fluted Bezel Steel Oyster Bracelet,Rolex,Datejust,Datejust White Mother Of Pearl Diamond Dial Fluted Bezel Steel Oyster Bracelet,Women,Mother of Pearl,Mother of Pearl;Diamond Markers,Stainless Steel,Bracelet,Steel,Fluted Bezel,Date;Diamond-Set,Ladies (<33mm),1,Rolex;Datejust;Women;Mother of Pearl;Diamond Markers;Stainless Steel;Bracelet;Steel;Fluted Bezel;Date;Diamond-Set;Ladies (<33mm)
Rolex/Datejust/Datejust White Roman Dial Steel Fluted Bezel Jubilee Bracelet,Rolex,Datejust,Datejust White Roman Dial Steel Fluted Bezel Jubilee Bracelet,Men,White,,Stainless Steel,Bracelet,Steel,Fluted Bezel,Date,Large (41-43mm),1,Rolex;Datejust;Men;White;Stainless Steel;Bracelet;Steel;Fluted Bezel;Date;Large (41-43mm)
Rolex/Day-Date/Day-Date 40 Blue Dial White Gold Fluted Bezel President Bracelet,Rolex,Day-Date,Day-Date 40 Blue Dial White Gold Fluted Bezel President Bracelet,Men,Blue,,White Gold,Bracelet,White Gold,Fluted Bezel,Day-Date,Standard (37-40mm),10,Rolex;Day-Date;Men;Blue;White Gold;Bracelet;Fluted Bezel;Standard (37-40mm)
Rolex/Day-Date/Day-Date Blue Dial White Gold Fluted Bezel President Bracelet,Rolex,Day-Date,Day-Date Blue Dial White Gold Fluted Bezel President Bracelet,Men,Blue,,White Gold,Bracelet,White Gold,Fluted Bezel,Day-Date,Standard (37-40mm),1,Rolex;Day-Date;Men;Blue;White Gold;Bracelet;Fluted Bezel;Standard (37-40mm)
Rolex/Day-Date/Day-Date Blue Roman Dial White Gold Fluted Bezel President Bracelet,Rolex,Day-Date,Day-Date Blue Roman Dial White Gold Fluted Bezel President Bracelet,Men,Blue,,White Gold,Bracelet,White Gold,Fluted Bezel,Day-Date,Standard (37-40mm),1,Rolex;Day-Date;Men;Blue;White Gold;Bracelet;Fluted Bezel;Standard (37-40mm)
Rolex/Day-Date/Day-Date Champagne Roman Dial Yellow Gold Fluted Bezel President Bracelet,Rolex,Day-Date,Day-Date Champagne Roman Dial Yellow Gold Fluted Bezel President Bracelet,Men,Champagne,,Yellow Gold,Bracelet,Yellow Gold,Fluted Bezel,Day-Date,Standard (37-40mm),1,Rolex;Day-Date;Men;Champagne;Yellow Gold;Bracelet;Fluted Bezel;Standard (37-40mm)
Rolex/Day-Date/Day-Date Chocolate Dial Rose Gold President,Rolex,Day-Date,Day-Date Chocolate Dial Rose Gold President,Men,Brown,,Rose Gold,Bracelet,Rose Gold,Fluted Bezel,Day-Date,Standard (37-40mm),1,Rolex;Day-Date;Men;Brown;Rose Gold;Bracelet;Fluted Bezel;Standard (37-40mm)
Rolex/Day-Date/Day-Date Everose Gold Chocolate Diamond Dial Fluted Bezel President Bracelet,Rolex,Day-Date,Day-Date Everose Gold Chocolate Diamond Dial Fluted Bezel President Bracelet,Men,Brown,Diamond Markers,Rose Gold,Bracelet,Rose Gold,Fluted Bezel,Day-Date;Diamond-Set,Standard (37-40mm),1,Rolex;Day-Date;Men;Brown;Diamond Markers;Rose Gold;Bracelet;Fluted Bezel;Diamond-Set;Standard (37-40mm)
Rolex/Day-Date/Day-Date Ice Blue Diamond Dial Platinum Fluted Bezel President Bracelet,Rolex,Day-Date,Day-Date Ice Blue Diamond Dial Platinum Fluted Bezel President Bracelet,Men,Ice Blue,Diamond Markers,Platinum,Bracelet,Platinum,Fluted Bezel,Day-Date;Diamond-Set,Standard (37-40mm),1,Rolex;Day-Date;Men;Ice Blue;Diamond Markers;Platinum;Bracelet;Fluted Bezel;Diamond-Set;Standard (37-40mm)
Rolex/Day-Date/Day-Date Meteorite Dial Fluted Bezel Diamond Markers President Bracelet,Rolex,Day-Date,Day-Date Meteorite Dial Fluted Bezel Diamond Markers President Bracelet,Men,Meteorite,Meteorite;Diamond Markers,White Gold,Bracelet,White Gold,Fluted Bezel,Day-Date;Diamond-Set,Standard (37-40mm),10,Rolex;Day-Date;Men;Meteorite;Diamond Markers;White Gold;Bracelet;Fluted Bezel;Diamond-Set;Standard (37-40mm)
Rolex/Day-Date/Day-Date Mother Of Pearl Diamond Dial Yellow Gold Fluted Bezel President Bracelet,Rolex,Day-Date,Day-Date Mother Of Pearl Diamond Dial Yellow Gold Fluted Bezel President Bracelet,Men,Mother of Pearl,Mother of Pearl;Diamond Markers,Yellow Gold,Bracelet,Yellow Gold,Fluted Bezel,Day-Date;Diamond-Set,Standard (37-40mm),1,Rolex;Day-Date;Men;Mother of Pearl;Diamond Markers;Yellow Gold;Bracelet;Fluted Bezel;Diamond-Set;Standard (37-40mm)
Rolex/Day-Date/Day-Date Platinum Ice Blue Diamond Dial Fluted Bezel President Bracelet,Rolex,Day-Date,Day-Date Platinum Ice Blue Diamond Dial Fluted Bezel President Bracelet,Men,Ice Blue,Diamond Markers,Platinum,Bracelet,Platinum,Fluted Bezel,Day-Date;Diamond-Set,Standard (37-40mm),1,Rolex;Day-Date;Men;Ice Blue;Diamond Markers;Platinum;Bracelet;Fluted Bezel;Diamond-Set;Standard (37-40mm)
Rolex/Day-Date/Day-Date Rose Gold White Mother Of Pearl Diamond Dial Fluted Bezel President Bracelet,Rolex,Day-Date,Day-Date Rose Gold White Mother Of Pearl Diamond Dial Fluted Bezel President Bracelet,Men,Mother of Pearl,Mother of Pearl;Diamond Markers,Rose Gold,Bracelet,Rose Gold,Fluted Bezel,Day-Date;Diamond-Set,Standard (37-40mm),1,Rolex;Day-Date;Men;Mother of Pearl;Diamond Markers;Rose Gold;Bracelet;Fluted Bezel;Diamond-Set;Standard (37-40mm)
Rolex/Day-Date/Day-Date Silver Diamond Dial White Gold Fluted Bezel President Bracelet,Rolex,Day-Date,Day-Date Silver Diamond Dial White Gold Fluted Bezel President Bracelet,Men,Silver,Diamond Markers,White Gold,Bracelet,White Gold,Fluted Bezel,Day-Date;Diamond-Set,Standard (37-40mm),1,Rolex;Day-Date;Men;Silver;Diamond Markers;White Gold;Bracelet;Fluted Bezel;Diamond-Set;Standard (37-40mm)
Rolex/Day-Date/Day-Date White Gold Blue Roman Dial Fluted Bezel President Bracelet,Rolex,Day-Date,Day-Date White Gold Blue Roman Dial Fluted Bezel President Bracelet,Men,Blue,,White Gold,Bracelet,White Gold,Fluted Bezel,Day-Date,Standard (37-40mm),1,Rolex;Day-Date;Men;Blue;White Gold;Bracelet;Fluted Bezel;Standard (37-40mm)
Rolex/Day-Date/Day-Date White Gold Silver Diamond Dial Fluted Bezel President Bracelet,Rolex,Day-Date,Day-Date White Gold Silver Diamond Dial Fluted Bezel President Bracelet,Men,Silver,Diamond Markers,White Gold,Bracelet,White Gold,Fluted Bezel,Day-Date;Diamond-Set,Standard (37-40mm),1,Rolex;Day-Date;Men;Silver;Diamond Markers;White Gold;Bracelet;Fluted Bezel;Diamond-Set;Standard (37-40mm)
Rolex/Day-Date/Day-Date Yellow Gold Champagne Roman Dial Fluted Bezel President Bracelet,Rolex,Day-Date,Day-Date Yellow Gold Champagne Roman Dial Fluted Bezel President Bracelet,Men,Champagne,,Yellow Gold,Bracelet,Yellow Gold,Fluted Bezel,Day-Date,Standard (37-40mm),1,Rolex;Day-Date;Men;Champagne;Yellow Gold;Bracelet;Fluted Bezel;Standard (37-40mm)
Rolex/Day-Date/Day-Date Yellow Gold Mother Of Pearl Diamond Dial Fluted Bezel President Bracelet,Rolex,Day-Date,Day-Date Yellow Gold Mother Of Pearl Diamond Dial Fluted Bezel President Bracelet,Men,Mother of Pearl,Mother of Pearl;Diamond Markers,Yellow Gold,Bracelet,Yellow Gold,Fluted Bezel,Day-Date;Diamond-Set,Standard (37-40mm),1,Rolex;Day-Date;Men;Mother of Pearl;Diamond Markers;Yellow Gold;Bracelet;Fluted Bezel;Diamond-Set;Standard (37-40mm)
Rolex/GMT-Master II/GMT-Master II Black Dial Black Gray Ceramic Bezel Steel Jubilee Bracelet,Rolex,GMT-Master II,GMT-Master II Black Dial Black Gray Ceramic Bezel Steel Jubilee Bracelet,Men,Black,,Stainless Steel,Bracelet,Steel,Ceramic Bezel,GMT/World Time,Standard (37-40mm),2,Rolex;GMT-Master II;Men;Black;Stainless Steel;Bracelet;Steel;Ceramic Bezel;GMT/World Time;Standard (37-40mm)
Rolex/GMT-Master II/Gmt-Master II Batman Blue Black Bezel Black Dial Jubilee,Rolex,GMT-Master II,Gmt-Master II Batman Blue Black Bezel Black Dial Jubilee,Men,Black,,Stainless Steel,Bracelet,Steel,Ceramic Bezel,GMT/World Time,Standard (37-40mm),1,Rolex;GMT-Master II;Men;Black;Stainless Steel;Bracelet;Steel;Ceramic Bezel;GMT/World Time;Standard (37-40mm)
Rolex/GMT-Master II/Gmt-Master II Black Dial Black Bezel Steel Jubilee,Rolex,GMT-Master II,Gmt-Master II Black Dial Black Bezel Steel Jubilee,Men,Black,,Stainless Steel,Bracelet,Steel,Ceramic Bezel,GMT/World Time,Standard (37-40mm),1,Rolex;GMT-Master II;Men;Black;Stainless Steel;Bracelet;Steel;Ceramic Bezel;GMT/World Time;Standard (37-40mm)
Rolex/Land-Dweller/Land-Dweller Silver Honeycomb Dial Two Tone Everose Jubilee Bracelet,Rolex,Land-Dweller,Land-Dweller Silver Honeycomb Dial Two Tone Everose Jubilee Bracelet,Men,Silver,,Rose Gold;Two-Tone,Bracelet,Rose Gold,,,Standard (37-40mm),1,Rolex;Land-Dweller;Men;Silver;Rose Gold;Two-Tone;Bracelet;Standard (37-40mm)
Rolex/Land-Dweller/Land-Dweller White Honeycomb Dial Rose Gold Fluted Bezel,Rolex,Land-Dweller,Land-Dweller White Honeycomb Dial Rose Gold Fluted Bezel,Men,White,,Rose Gold,Bracelet,Rose Gold,Fluted Bezel,,Standard (37-40mm),1,Rolex;Land-Dweller;Men;White;Rose Gold;Bracelet;Fluted Bezel;Standard (37-40mm)
Rolex/Land-Dweller/Land-Dweller White Honeycomb Dial Steel Fluted Bezel,Rolex,Land-Dweller,Land-Dweller White Honeycomb Dial Steel Fluted Bezel,Men,White,,Stainless Steel,Bracelet,Steel,Fluted Bezel,,Standard (37-40mm),1,Rolex;Land-Dweller;Men;White;Stainless Steel;Bracelet;Steel;Fluted Bezel;Standard (37-40mm)
Rolex/Milgauss/Milgauss Blue Dial Steel Green Crystal Oyster Bracelet,Rolex,Milgauss,Milgauss Blue Dial Steel Green Crystal Oyster Bracelet,Men,Blue,,Stainless Steel,Bracelet,Steel,,,Standard (37-40mm),1,Rolex;Milgauss;Men;Blue;Stainless Steel;Bracelet;Steel;Standard (37-40mm)
Rolex/Milgauss/Milgauss Z-Blue Dial Steel Green Crystal Orange Lightning Hand Oyster Bracelet,Rolex,Milgauss,Milgauss Z-Blue Dial Steel Green Crystal Orange Lightning Hand Oyster Bracelet,Men,Blue,,Stainless Steel,Bracelet,Steel,,,Standard (37-40mm),1,Rolex;Milgauss;Men;Blue;Stainless Steel;Bracelet;Steel;Standard (37-40mm)
Rolex/Oyster Perpetual/Oyster Perpetual Green Dial Steel Smooth Bezel Oyster Bracelet,Rolex,Oyster Perpetual,Oyster Perpetual Green Dial Steel Smooth Bezel Oyster Bracelet,Unisex,Green,,Stainless Steel,Bracelet,Steel,,,Large (41-43mm),1,Rolex;Oyster Perpetual;Unisex;Green;Stainless Steel;Bracelet;Steel;Large (41-43mm)
Rolex/Oyster Perpetual/Oyster Perpetual Mint Green Dial Steel Smooth Bezel Oyster Bracelet,Rolex,Oyster Perpetual,Oyster Perpetual Mint Green Dial Steel Smooth Bezel Oyster Bracelet,Unisex,Green,,Stainless Steel,Bracelet,Steel,,,Mid (33-36mm),1,Rolex;Oyster Perpetual;Unisex;Green;Stainless Steel;Bracelet;Steel;Mid (33-36mm)
Rolex/Oyster Perpetual/Oyster Perpetual Mint Green Dial Steel Smooth Bezel Oyster Bracelet 2,Rolex,Oyster Perpetual,Oyster Perpetual Mint Green Dial Steel Smooth Bezel Oyster Bracelet,Unisex,Green,,Stainless Steel,Bracelet,Steel,,,Large (41-43mm),1,Rolex;Oyster Perpetual;Unisex;Green;Stainless Steel;Bracelet;Steel;Large (41-43mm)
Rolex/Oyster Perpetual/Oyster Perpetual Silver Dial Steel,Rolex,Oyster Perpetual,Oyster Perpetual Silver Dial Steel,Unisex,Silver,,Stainless Steel,Bracelet,Steel,,,Mid (33-36mm),1,Rolex;Oyster Perpetual;Unisex;Silver;Stainless Steel;Bracelet;Steel;Mid (33-36mm)
Rolex/Oyster Perpetual/Oyster Perpetual Silver Dial Steel Smooth Bezel Oyster Bracelet,Rolex,Oyster Perpetual,Oyster Perpetual Silver Dial Steel Smooth Bezel Oyster Bracelet,Unisex,Silver,,Stainless Steel,Bracelet,Steel,,,Mid (33-36mm),1,Rolex;Oyster Perpetual;Unisex;Silver;Stainless Steel;Bracelet;Steel;Mid (33-36mm)
Rolex/Oyster Perpetual/Oyster Perpetual Turquoise Dial Steel Smooth Bezel Oyster Bracelet,Rolex,Oyster Perpetual,Oyster Perpetual Turquoise Dial Steel Smooth Bezel Oyster Bracelet,Unisex,Turquoise,,Stainless Steel,Bracelet,Steel,,,Mid (33-36mm),1,Rolex;Oyster Perpetual;Unisex;Turquoise;Stainless Steel;Bracelet;Steel;Mid (33-36mm)
Rolex/Oyster Perpetual/Oyster Perpetual White Dial Steel Smooth Bezel Oyster Bracelet,Rolex,Oyster Perpetual,Oyster Perpetual White Dial Steel Smooth Bezel Oyster Bracelet,Unisex,White,,Stainless Steel,Bracelet,Steel,,,Mid (33-36mm),1,Rolex;Oyster Perpetual;Unisex;White;Stainless Steel;Bracelet;Steel;Mid (33-36mm)
Rolex/Oyster Perpetual/Oyster Perpetual Yellow Dial Steel Smooth Bezel Oyster Bracelet,Rolex,Oyster Perpetual,Oyster Perpetual Yellow Dial Steel Smooth Bezel Oyster Bracelet,Unisex,Yellow,,Stainless Steel,Bracelet,Steel,,,Mid (33-36mm),1,Rolex;Oyster Perpetual;Unisex;Yellow;Stainless Steel;Bracelet;Steel;Mid (33-36mm)
Rolex/Sky-Dweller/Sky-Dweller Blue Dial Steel Fluted Bezel,Rolex,Sky-Dweller,Sky-Dweller Blue Dial Steel Fluted Bezel,Men,Blue,,Stainless Steel,Bracelet,Steel,Fluted Bezel,Date,Large (41-43mm),1,Rolex;Sky-Dweller;Men;Blue;Stainless Steel;Bracelet;Steel;Fluted Bezel;Date;Large (41-43mm)
Rolex/Sky-Dweller/Sky-Dweller Purple Dial White Gold Fluted Bezel,Rolex,Sky-Dweller,Sky-Dweller Purple Dial White Gold Fluted Bezel,Men,Purple,,White Gold,Bracelet,White Gold,Fluted Bezel,Date,Large (41-43mm),1,Rolex;Sky-Dweller;Men;Purple;White Gold;Bracelet;Fluted Bezel;Date;Large (41-43mm)
Rolex/Submariner/Submariner Date Black Dial Black Bezel Steel,Rolex,Submariner,Submariner Date Black Dial Black Bezel Steel,Men,Black,,Stainless Steel,Bracelet,Steel,Ceramic Bezel,Diver;Date,Standard (37-40mm),1,Rolex;Submariner;Men;Black;Stainless Steel;Bracelet;Steel;Ceramic Bezel;Diver;Date;Standard (37-40mm)
Rolex/Submariner/Submariner Date Black Dial Black Bezel Steel Oyster Bracelet,Rolex,Submariner,Submariner Date Black Dial Black Bezel Steel Oyster Bracelet,Men,Black,,Stainless Steel,Bracelet,Steel,Ceramic Bezel,Diver;Date,Large (41-43mm),1,Rolex;Submariner;Men;Black;Stainless Steel;Bracelet;Steel;Ceramic Bezel;Diver;Date;Large (41-43mm)
Rolex/Submariner/Submariner Date Black Dial Black Bezel Steel Oyster Bracelet 2,Rolex,Submariner,Submariner Date Black Dial Black Bezel Steel Oyster Bracelet,Men,Black,,Stainless Steel,Bracelet,Steel,Ceramic Bezel,Diver;Date,Large (41-43mm),1,Rolex;Submariner;Men;Black;Stainless Steel;Bracelet;Steel;Ceramic Bezel;Diver;Date;Large (41-43mm)
Rolex/Submariner/Submariner Date Black Dial Green Bezel Steel Oyster Bracelet,Rolex,Submariner,Submariner Date Black Dial Green Bezel Steel Oyster Bracelet,Men,Black,,Stainless Steel,Bracelet,Steel,Ceramic Bezel,Diver;Date,Large (41-43mm),1,Rolex;Submariner;Men;Black;Stainless Steel;Bracelet;Steel;Ceramic Bezel;Diver;Date;Large (41-43mm)
Rolex/Submariner/Submariner Date Green Bezel Black Dial Steel,Rolex,Submariner,Submariner Date Green Bezel Black Dial Steel,Men,Black,,Stainless Steel,Bracelet,Steel,Ceramic Bezel,Diver;Date,Large (41-43mm),1,Rolex;Submariner;Men;Black;Stainless Steel;Bracelet;Steel;Ceramic Bezel;Diver;Date;Large (41-43mm)
Rolex/Submariner/Submariner No Date Black Dial Black Bezel Steel Bracelet,Rolex,Submariner,Submariner No Date Black Dial Black Bezel Steel Bracelet,Men,Black,,Stainless Steel,Bracelet,Steel,Ceramic Bezel,Diver;Date,Large (41-43mm),1,Rolex;Submariner;Men;Black;Stainless Steel;Bracelet;Steel;Ceramic Bezel;Diver;Date;Large (41-43mm)
Rolex/Yacht-Master/Yacht-Master Black Dial Black Bezel Steel Rubber Strap,Rolex,Yacht-Master,Yacht-Master Black Dial Black Bezel Steel Rubber Strap,Men,Black,,Stainless Steel,Strap,Rubber,Ceramic Bezel,,Standard (37-40mm),1,Rolex;Yacht-Master;Men;Black;Stainless Steel;Strap;Rubber;Ceramic Bezel;Standard (37-40mm)
Rolex/Yacht-Master/Yacht-Master Black Dial Black Ceramic Bezel Black Rubber Strap,Rolex,Yacht-Master,Yacht-Master Black Dial Black Ceramic Bezel Black Rubber Strap,Men,Black,,Stainless Steel,Strap,Rubber,Ceramic Bezel,,Large (41-43mm),1,Rolex;Yacht-Master;Men;Black;Stainless Steel;Strap;Rubber;Ceramic Bezel;Large (41-43mm)
Rolex/Yacht-Master/Yacht-Master Black Dial Ceramic Bezel Rubber Strap,Rolex,Yacht-Master,Yacht-Master Black Dial Ceramic Bezel Rubber Strap,Men,Black,,Stainless Steel,Strap,Rubber,Ceramic Bezel,,Large (41-43mm),1,Rolex;Yacht-Master;Men;Black;Stainless Steel;Strap;Rubber;Ceramic Bezel;Large (41-43mm)
Rolex/Yacht-Master/Yacht-Master Rhodium Dial Platinum Bezel Steel,Rolex,Yacht-Master,Yacht-Master Rhodium Dial Platinum Bezel Steel,Men,Gray,,Stainless Steel,Bracelet,Steel,,,Standard (37-40mm),1,Rolex;Yacht-Master;Men;Gray;Stainless Steel;Bracelet;Steel;Standard (37-40mm)
Vacheron Constantin/Overseas/Overseas Champagne Dial Yellow Gold Bracelet,Vacheron Constantin,Overseas,Overseas Champagne Dial Yellow Gold Bracelet,Men,Champagne,,Yellow Gold,Bracelet,Yellow Gold,,Integrated Bracelet Sport,Standard (37-40mm),1,Vacheron Constantin;Overseas;Men;Champagne;Yellow Gold;Bracelet;Integrated Bracelet Sport;Standard (37-40mm)
Vacheron Constantin/Overseas/Overseas Chronograph Silver Dial Rose Gold Rubber Strap,Vacheron Constantin,Overseas,Overseas Chronograph Silver Dial Rose Gold Rubber Strap,Men,Silver,,Rose Gold,Strap,Rubber,,Chronograph;Integrated Bracelet Sport,Large (41-43mm),1,Vacheron Constantin;Overseas;Men;Silver;Rose Gold;Strap;Rubber;Chronograph;Integrated Bracelet Sport;Large (41-43mm)
Vacheron Constantin/Overseas Chronograph/Overseas Chronograph Black Dial Stainless Steel,Vacheron Constantin,Overseas Chronograph,Overseas Chronograph Black Dial Stainless Steel,Men,Black,,Stainless Steel,Bracelet,Steel,,Chronograph;Integrated Bracelet Sport,Large (41-43mm),1,Vacheron Constantin;Overseas Chronograph;Men;Black;Stainless Steel;Bracelet;Steel;Chronograph;Integrated Bracelet Sport;Large (41-43mm)
Vacheron Constantin/Overseas Chronograph/Overseas Chronograph Blue Dial Stainless Steel,Vacheron Constantin,Overseas Chronograph,Overseas Chronograph Blue Dial Stainless Steel,Men,Blue,,Stainless Steel,Bracelet,Steel,,Chronograph;Integrated Bracelet Sport,Large (41-43mm),1,Vacheron Constantin;Overseas Chronograph;Men;Blue;Stainless Steel;Bracelet;Steel;Chronograph;Integrated Bracelet Sport;Large (41-43mm)
Vacheron Constantin/Overseas Chronograph/Overseas Chronograph Green Dial Stainless Steel,Vacheron Constantin,Overseas Chronograph,Overseas Chronograph Green Dial Stainless Steel,Men,Green,,Stainless Steel,Bracelet,Steel,,Chronograph;Integrated Bracelet Sport,Large (41-43mm),1,Vacheron Constantin;Overseas Chronograph;Men;Green;Stainless Steel;Bracelet;Steel;Chronograph;Integrated Bracelet Sport;Large (41-43mm)
Vacheron Constantin/Overseas Chronograph/Overseas Chronograph White Dial Stainless Steel,Vacheron Constantin,Overseas Chronograph,Overseas Chronograph White Dial Stainless Steel,Men,White,,Stainless Steel,Bracelet,Steel,,Chronograph;Integrated Bracelet Sport,Large (41-43mm),2,Vacheron Constantin;Overseas Chronograph;Men;White;Stainless Steel;Bracelet;Steel;Chronograph;Integrated Bracelet Sport;Large (41-43mm)
Vacheron Constantin/Overseas Dual Time/Overseas Dual Time Black Dial Stainless Steel,Vacheron Constantin,Overseas Dual Time,Overseas Dual Time Black Dial Stainless Steel,Men,Black,,Stainless Steel,Bracelet,Steel,,GMT/World Time;Integrated Bracelet Sport,Large (41-43mm),1,Vacheron Constantin;Overseas Dual Time;Men;Black;Stainless Steel;Bracelet;Steel;GMT/World Time;Integrated Bracelet Sport;Large (41-43mm)
Vacheron Constantin/Overseas Dual Time/Overseas Dual Time Blue Dial Stainless Steel,Vacheron Constantin,Overseas Dual Time,Overseas Dual Time Blue Dial Stainless Steel,Men,Blue,,Stainless Steel,Bracelet,Steel,,GMT/World Time;Integrated Bracelet Sport,Large (41-43mm),1,Vacheron Constantin;Overseas Dual Time;Men;Blue;Stainless Steel;Bracelet;Steel;GMT/World Time;Integrated Bracelet Sport;Large (41-43mm)
Vacheron Constantin/Overseas Dual Time/Overseas Dual Time Silver Dial Stainless Steel,Vacheron Constantin,Overseas Dual Time,Overseas Dual Time Silver Dial Stainless Steel,Men,Silver,,Stainless Steel,Bracelet,Steel,,GMT/World Time;Integrated Bracelet Sport,Large (41-43mm),1,Vacheron Constantin;Overseas Dual Time;Men;Silver;Stainless Steel;Bracelet;Steel;GMT/World Time;Integrated Bracelet Sport;Large (41-43mm)
